Workbook
Name A: DATA!$AZ$2:$AZ$9
Name Firma: DATA!$R$3:$R$10
Name Průřez_Absence: #N/A
Name Průřez_Doprava: #N/A
Name Průřez_Přítomnost___Směna: #N/A
Name Směny: DATA!$AY$2:$AY$6
Name Úvazek: DATA!$AX$2:$AX$3

Sheet DATA
A1: IND# | B1: ID | C1: Příjmení | D1: Jméno | E1: Os.č. | F1: Os.č.kl. | G1: RFID | H1: Telefon | I1: Vstup | J1: Výstup | K1: Doprava | L1: Nástup | M1: Směna | N1: Cílová st. | O1: Docházka | P1: Editace | R1: Firma | S1: IND# | T1: IND# | U1: IND# | V1: IND# | W1: IND# | X1: IND# | Y1: IND# | Z1: IND# | AX1: Úvazek | AY1: Směny | AZ1: A
A2: =C2&" "&D2 -> Adamczewski Amadeusz | B2: 1 | C2: Adamczewski | D2: Amadeusz | E2: 6275 | F2: 0 | G2: 13210313 | H2: 48570666458 | I2: 45748 | J2: 73050 | K2: Vlastní auto | L2: Vlastní auto | M2: R / N/A | N2: Hilite | O2: 0.20836806 | S2: Baka Przemyslaw | T2: Bilicer Natalia | U2: Bojda Lukasz | V2: Adamiak Magdalena | W2: Rojek Daniel | X2: Adamczewski Amadeusz | Y2: Bieniek Krystian | Z2: Belica Bartosz | AX2: 0.3125 | AY2: R | AZ2: Dovolená
A3: =C3&" "&D3 -> Adamiak Magdalena | B3: 2 | C3: Adamiak | D3: Magdalena | E3: 5777 | F3: 0 | G3: 315321941 | H3: 48799785300 | I3: 45502 | J3: 73050 | K3: BATZ 2 | L3: Źory - Sąd Rejonowy | M3: R / N/A | N3: BATZ | O3: 0.16961806 | R3: ALLIANCE | S3: Banot Katarzyna | T3: Brachman Piotr Leszek | U3: Brodowski Robert | V3: Bartoň Edyta | W3: Szweda Krzysztof | X3: Balwierz Piotr Marian | Y3: Ceglarski Wojciech | Z3: Gordienko Adam | AX3: 0.5 | AY3: O | AZ3: Nemoc
A4: =C4&" "&D4 -> Baka Przemyslaw | B4: 3 | C4: Baka | D4: Przemyslaw | E4: 6537 | F4: 0 | G4: 11066856 | H4: 48572475445 | I4: 45901 | J4: 73050 | K4: DSC 2 | L4: Jastrzębie-Zdrój HALA przyst. autobus. Hala Sportowa | M4: O / N/A | N4: DSC | R4: BATZ | S4: Bassler Lukáš | T4: Bujak Beniamin Salamon | U4: Doliński Roman | V4: Belej Karina | W4: Zlotkowski Miroslaw | X4: Boruszka Aneta Barbara | Y4: Ganczorz Tomasz | Z4: Gorka Dawid | AY4: N | AZ4: Lékař
A5: =C5&" "&D5 -> Balwierz Piotr Marian | B5: 4 | C5: Balwierz | D5: Piotr Marian | E5: 4673 | F5: 70187 | G5: 11978487 | H5: 48785949300 | I5: 44805 | J5: 73050 | K5: HILITE 2 | L5: Jastrzebie Zdrój McDonald (al. J. Pilsudskiego - przystanek) | M5: R / N/A | N5: HILITE | R5: DONGHEE | S5: Baszczynski Bogdan | T5: Ciesielska Malgorzata | U5: Grabka Daniel | V5: Bortlik Dawid | X5: Gozdur Oliwia Katarzyna | Y5: Goik Andrzej | Z5: Siekierski Filip | AY5: - | AZ5: Prostoj
A6: =C6&" "&D6 -> Banot Katarzyna | B6: 5 | C6: Banot | D6: Katarzyna | E6: 5802 | F6: R1225-01 | G6: 7421727 | H6: 48786907150 | I6: 45516 | J6: 73050 | K6: Vlastní auto | L6: Vlastní auto | M6: R / N/A | N6: DSC | O6: 0.20836806 | R6: DSC | S6: Bialas Elzbieta | T6: Dalemula Radoslaw Jakub | U6: Jablonski Slawomir | V6: Bujok Dominik | X6: Herok-Legec Jolanta | Y6: Chojnacki Piotr | AY6: A | AZ6: Narozeninový den
A7: =C7&" "&D7 -> Bartoň Edyta | B7: 6 | C7: Bartoň | D7: Edyta | E7: 4838 | F7: 4838 | G7: 328608648 | H7: 48793386811 | I7: 44944 | J7: 73050 | K7: BATZ 2 | L7: Ruptawa - Cisówka | M7: R / N/A | N7: BATZ | R7: GUZU | S7: Bialozyt Joanna | T7: Duraj Mateusz Jan | U7: Koblanski Daniel | V7: Bury Angelika | X7: Hodulík Mikuláš | Y7: Janiczek Kamil Patryk | AZ7: Omluvená-Paragraf
A8: =C8&" "&D8 -> Bassler Lukáš | B8: 7 | C8: Bassler | D8: Lukáš | E8: 4869 | F8: R0878-01 | G8: 1833613 | H8: 722775976 | I8: 45013 | J8: 73050 | K8: Vlastní auto | L8: Vlastní auto | M8: N / N/A | N8: DSC | O8: 0.87502315 | R8: HILITE | S8: Bochenek Adam Piotr | T8: Giedziun Monika | U8: Madrzyk Ryszard | V8: Buturla Bozena | X8: Hodulík Mikuláš | Y8: Jarosz Mariusz | AZ8: Neplacené volno
A9: =C9&" "&D9 -> Baszczynski Bogdan | B9: 8 | C9: Baszczynski | D9: Bogdan | E9: 6508 | F9: 0 | G9: 0 | H9: 48792742229 | I9: 45887 | J9: 73050 | K9: Vlastní auto | L9: Vlastní auto | M9: O / N/A | N9: DSC | R9: TATRA | S9: Bochenek Damian Krzysztof | T9: Grzywacz Klaudia | U9: Mrozek Mateusz | V9: Buza Grazyna Aniela | X9: Huptys Wieslawa | Y9: Jaworski Dariusz | AZ9: Neomluvená
A10: =C10&" "&D10 -> Belej Karina | B10: 9 | C10: Belej | D10: Karina | E10: 4599 | F10: 4599 | G10: 348342254 | H10: 48723005113 | I10: 44757 | J10: 73050 | K10: BATZ 1 | L10: Jastrzebie Zdroj Dworzec autobusowy | M10: N / N/A | N10: BATZ | O10: 0.84144676 | R10: THERMA | S10: Borska Ewa | T10: Grzywacz Zbigniew | U10: Podżorski Andrzej | V10: Buza Jan Ireneusz | X10: Kaczmarczyk Jagna | Y10: Klonowski Piotr
A11: =C11&" "&D11 -> Belica Bartosz | B11: 10 | C11: Belica | D11: Bartosz | E11: 6474 | F11: 0 | G11: 1430027 | H11: 48721505226 | I11: 45860 | J11: 73050 | K11: BATZ 1 | L11: Jastr.Zd. - Aleje Piłsudskiego SUPERSAM | M11: O / N/A | N11: THERMA | S11: Bujak Leszek Sylwester | T11: Hak Joanna | U11: Salata Krzysztof Marek | V11: Cwiklak Robert | X11: Kolanowski Dawid Piotr | Y11: Kordowski Henryk
A12: =C12&" "&D12 -> Bialas Elzbieta | B12: 11 | C12: Bialas | D12: Elzbieta | E12: 4607 | F12: R0707-01 | G12: 4942265 | H12: 48881267099 | I12: 44781 | J12: 73050 | K12: DSC 2 | L12: Źory Bajerówka przyst. autobus. Al. Jana Pawła II Bajerówka | M12: R / N/A | N12: DSC | O12: 0.17989583 | S12: Cwiklinska Alicja Katarzyna | T12: Halama Pawel | U12: Slusarczyk Slawomir | V12: Dalemula Krysztof Grzegorz | X12: Korcz Wioleta | Y12: Kovařčik Tomáš
A13: =C13&" "&D13 -> Bialozyt Joanna | B13: 12 | C13: Bialozyt | D13: Joanna | E13: 5047 | F13: R0993-01 | G13: 1988772 | H13: 48510238811 | I13: 45159 | J13: 73050 | K13: Vlastní auto | L13: Vlastní auto | M13: N / N/A | N13: DSC | O13: 0.87502315 | S13: Czajka Bartosz | T13: Hernik Krzysztof | U13: Smagon Damian | V13: Derlacz Piotr | X13: Lebok Karolina | Y13: Koza Adam
A14: =C14&" "&D14 -> Bieniek Krystian | B14: 13 | C14: Bieniek | D14: Krystian | E14: 6329 | F14: 0 | G14: 400218349 | H14: 48793183757 | I14: 45775 | J14: 73050 | K14: TATRA METALURGIE | L14: Rybnik Dworek | M14: R / N/A | N14: TATRA | O14: 0.17210648 | S14: Damis Malgorzata Maria | T14: Iwanek Rafal | U14: Sztymelski Lukasz | V14: Dolezych Lidia | X14: Nowak-Michalecka Katarzyna | Y14: Lichacz Piotr
A15: =C15&" "&D15 -> Bilicer Natalia | B15: 14 | C15: Bilicer | D15: Natalia | E15: 6259 | F15: 0 | G15: 1203746 | H15: 48536393632 | I15: 45743 | J15: 73050 | K15: Vlastní auto | L15: Vlastní auto | M15: R / N/A | N15: Donghee | O15: 0.20836806 | S15: Ferszt Tomasz | T15: Kowalewski Marcin | U15: Szurman Krystian | V15: Fitrzyková Jana | X15: Peterková Dagmar | Y15: Marczewski Robert Wieslaw
A16: =C16&" "&D16 -> Bochenek Adam Piotr | B16: 15 | C16: Bochenek | D16: Adam Piotr | E16: 4961 | F16: R0936-01 | G16: 1928484 | H16: 48790550612 | I16: 45057 | J16: 73050 | K16: Vlastní auto | L16: Vlastní auto | M16: O / N/A | N16: DSC | S16: Feszter Ewa | T16: Kuklinska Marlena | U16: Tabor Konrad | V16: Gorka Grzegorz | X16: Szewczyk Agnieszka | Y16: Nawara Bartosz Pawel
A17: =C17&" "&D17 -> Bochenek Damian Krzysztof | B17: 16 | C17: Bochenek | D17: Damian Krzysztof | E17: 4616 | F17: R0709-01 | G17: 1405843 | H17: 48600636889 | I17: 44781 | J17: 73050 | K17: Vlastní auto | L17: Vlastní auto | M17: R / N/A | N17: DSC | O17: 0.20835648 | S17: Fojcik Marzena | T17: Lebiediew Sławomir | U17: Tomica Artur | V17: Chodinský Rostislav | X17: Wardzala Nicolla | Y17: Onderka Jan
A18: =C18&" "&D18 -> Bojda Lukasz | B18: 17 | C18: Bojda | D18: Lukasz | E18: 6197 | F18: 0 | G18: 1197174 | H18: 48516752290 | I18: 45712 | J18: 73050 | K18: ALLIANCE LAUNDRY 4 | L18: Cieszyn Liburnia Starostwo | M18: R / N/A | N18: ALLIANCE LAUNDRY | O18: 0.20515046 | S18: Gawel Krystian | T18: Lorenc Pawel Jan | U18: Tworzydło Slawomir | V18: Janik-Rurarz Izabela | X18: Wasik Izabela | Y18: Pawlowski Kamil
A19: =C19&" "&D19 -> Borska Ewa | B19: 18 | C19: Borska | D19: Ewa | E19: 4721 | F19: R0768-01 | G19: 3370037 | H19: 48882717094 | I19: 44837 | J19: 73050 | K19: DSC 2 | L19: Źory Sąd przyst. autobus. Al. Jana Pawła II Sąd | M19: O / N/A | N19: DSC | S19: Golyszna Daria Anna | T19: Małczak Krzysztof | U19: Żwirek Arkadiusz | V19: Juszczak Jadwiga | X19: Zarebska Ewa | Y19: Pitel Jiří
A20: =C20&" "&D20 -> Bortlik Dawid | B20: 19 | C20: Bortlik | D20: Dawid | E20: 6566 | F20: 0 | G20: 391236060 | H20: 48503703769 | I20: 45915 | J20: 73050 | K20: BATZ 1 | L20: Jastr.Zd. - Aleje Piłsudskiego SUPERSAM | M20: R / N/A | N20: BATZ | O20: 0.17748843 | S20: Gora Renata | T20: Małka Artur | U20: Żwirek Dawid | V20: Konieczny Joanna | X20: Zeromska Aleksandra | Y20: Prudel Mateusz Stanislaw
A21: =C21&" "&D21 -> Boruszka Aneta Barbara | B21: 20 | C21: Boruszka | D21: Aneta Barbara | E21: 3415 | F21: R82 | G21: 12989719 | H21: 48605522989 | I21: 44228 | J21: 73050 | K21: HILITE 2 | L21: Jastrzebie Zdrój - Szeroka Biedronka (ul. Powstancow slaskich - parking naprzeciwko Biedronki) | M21: R / N/A | N21: HILITE | S21: Groborz Paulina Dominika | T21: Mielczarek Patrycjusz | V21: Kotowski Zbigniew Marek | X21: Blonski Marcin Ireneusz | Y21: Siedlok Zbigniew
A22: =C22&" "&D22 -> Brachman Piotr Leszek | B22: 21 | C22: Brachman | D22: Piotr Leszek | E22: 3951 | F22: 7547 | G22: 13392876 | H22: 48516350901 | I22: 44825 | J22: 73050 | K22: Vlastní auto | L22: Vlastní auto | M22: O / N/A | N22: DONGHEE | S22: Gromek Sylwia | T22: Milek Michal Jerzy | V22: Kozielski Kozielski Andrzej Jozef | X22: Jerchewicz Iwona | Y22: Stohandel Artur
A23: =C23&" "&D23 -> Brodowski Robert | B23: 22 | C23: Brodowski | D23: Robert | E23: 5683 | F23: 0 | G23: 11713635 | H23: 48508245715 | I23: 45461 | J23: 73050 | K23: ALLIANCE LAUNDRY 3 | L23: Radlin Centrum | M23: R / N/A | N23: ALLIANCE LAUNDRY | S23: Habierska Maja | T23: Mochnacz Lukasz Teodor | V23: Krensel Maria | Y23: Święty Czesław
A24: =C24&" "&D24 -> Bujak Leszek Sylwester | B24: 23 | C24: Bujak | D24: Leszek Sylwester | E24: 4845 | F24: R0862-01 | G24: 291517620 | H24: 48799082871 | I24: 44986 | J24: 73050 | K24: Vlastní auto | L24: Vlastní auto | M24: O / N/A | N24: DSC | S24: Herok Natalia Magdalena | T24: Niewiadomski Michal | V24: Krótki Gabriel | Y24: Sypulek Dariusz
A25: =C25&" "&D25 -> Bujak Beniamin Salamon | B25: 24 | C25: Bujak | D25: Beniamin Salamon | E25: 4894 | F25: 7503 | G25: 11966825 | H25: 48889843724 | I25: 44986 | J25: 73050 | K25: Vlastní auto | L25: Vlastní auto | M25: O / N/A | N25: DONGHEE | S25: Holeksa Mariola | T25: Nowakowska Magdalena | V25: Kuklińska Malgorzata | Y25: Szalamacha Maciej
A26: =C26&" "&D26 -> Bujok Dominik | B26: 25 | C26: Bujok | D26: Dominik | E26: 5094 | F26: 5094 | G26: 11754146 | H26: 48795139997 | I26: 45096 | J26: 73050 | K26: BATZ 2 | L26: Cieszyn Liburnia | M26: O / N/A | N26: BATZ | S26: Chalimoniuk Igor | T26: Palička Jiří | V26: Marczak Joanna | Y26: Szalamacha Wojciech
A27: =C27&" "&D27 -> Bury Angelika | B27: 26 | C27: Bury | D27: Angelika | E27: 6001 | F27: 0 | G27: 12020053 | H27: 48575311504 | I27: 45582 | J27: 73050 | K27: BATZ 1 | L27: Jastr.Zd. - Aleje Piłsudskiego SUPERSAM | M27: O / N/A | N27: BATZ | S27: Chciuk Lukasz | T27: Pawlak Marcin | V27: Marczak Maria Katarzyna | Y27: Szmyt Dariusz
A28: =C28&" "&D28 -> Buturla Bozena | B28: 27 | C28: Buturla | D28: Bozena | E28: 6573 | F28: 0 | G28: 391112974 | H28: 48669267044 | I28: 45922 | J28: 73050 | K28: BATZ 1 | L28: Wodzisław Śląski stacja paliw Circle K/McDonalds | M28: O / N/A | N28: BATZ | S28: Chlebek Aleksandra Ewa | T28: Poloczek Jadwiga Barbara | V28: Marekwica Adrian | Y28: Szopa Daniel
A29: =C29&" "&D29 -> Buza Grazyna Aniela | B29: 28 | C29: Buza | D29: Grazyna Aniela | E29: 5129 | F29: 5129 | G29: 328432941 | H29: 48788217740 | I29: 45145 | J29: 73050 | K29: BATZ 1 | L29: Szeroka ul. Rybnicka | M29: N / N/A | N29: BATZ | O29: 0.83196759 | S29: Chodorowska Barbara Miroslawa | T29: Poloczek Sebastian | V29: Matusiak Orfeusz Marek | Y29: Szrejder Sebastian
A30: =C30&" "&D30 -> Buza Jan Ireneusz | B30: 29 | C30: Buza | D30: Jan Ireneusz | E30: 5663 | F30: 4919 | G30: 328443812 | H30: 48531216624 | I30: 45012 | J30: 73050 | K30: BATZ 1 | L30: Szeroka ul. Rybnicka | M30: N / N/A | N30: BATZ | O30: 0.83158565 | S30: Jakubiec Krzysztof Grzegorz | T30: Rak Sławomir | V30: Meyer Beata | Y30: Trzmielowski Adrian Adam
A31: =C31&" "&D31 -> Ceglarski Wojciech | B31: 30 | C31: Ceglarski | D31: Wojciech | E31: 6212 | F31: 0 | G31: 0 | H31: 48788116032 | I31: 45721 | J31: 45933 | K31: TATRA METALURGIE | L31: Cieszyn Liburnia Starostwo | M31: N/A / R | N31: Tatra | S31: Jamry Kamil | T31: Regulski Adrian | V31: Michalec Regina | Y31: Waszut Lukasz
A32: =C32&" "&D32 -> Ciesielska Malgorzata | B32: 31 | C32: Ciesielska | D32: Malgorzata | E32: 6450 | F32: 0 | G32: 12099337 | H32: 48514893548 | I32: 45852 | J32: 73050 | K32: DSC 2 | L32: Źory Sąd przyst. autobus. Al. Jana Pawła II Sąd | M32: O / N/A | N32: Donghee | S32: Janczuk Mariola Anna | T32: Stanisz Pawel Piotr | V32: Mottlová Markéta | Y32: Wiącek Robert
A33: =C33&" "&D33 -> Cwiklak Robert | B33: 32 | C33: Cwiklak | D33: Robert | E33: 4936 | F33: 4936 | G33: 370049042 | H33: 48661575386 | I33: 45027 | J33: 73050 | K33: BATZ 1 | L33: Wodzisław Śląski stacja paliw Circle K/McDonalds | M33: O / N/A | N33: BATZ | S33: Kalisz Patrycja | T33: Wawrzyczek Arkadiusz | V33: Nowak Martyna | Y33: Wieszolek Adam
A34: =C34&" "&D34 -> Cwiklinska Alicja Katarzyna | B34: 33 | C34: Cwiklinska | D34: Alicja Katarzyna | E34: 47 | F34: R0340-01 | G34: 13123141 | H34: 48573239948 | I34: 44593 | J34: 73050 | K34: DSC 1 | L34: Radlin - Marcel przyst. autobus. Korfantego KWK | M34: N/A / N/A | N34: DSC | S34: Korab Karina Weronika | T34: Zajac Tomasz | V34: Opyd Marzena | Y34: Właśniak Dariusz
A35: =C35&" "&D35 -> Czajka Bartosz | B35: 34 | C35: Czajka | D35: Bartosz | E35: 6582 | F35: 0 | G35: 0 | H35: 48502143429 | I35: 45929 | J35: 73050 | K35: DSC 1 | L35: Wilchwy przystanek autobusowy Szkola | M35: R / N/A | N35: DSC | S35: Kotas Barbara Mariola | T35: Zymelka Krzysztof | V35: Ostafin Klaudia | Y35: Zybul Paweł
A36: =C36&" "&D36 -> Dalemula Krysztof Grzegorz | B36: 35 | C36: Dalemula | D36: Krysztof Grzegorz | E36: 4955 | F36: 4955 | G36: 370035234 | H36: 48691339886 | I36: 45033 | J36: 73050 | K36: BATZ 1 | L36: Wodzisław Śląski stacja paliw Circle K/McDonalds | M36: N / N/A | N36: BATZ | O36: 0.8546875 | S36: Kowaczik Bozena Jadwiga | T36: Hak Agnieszka | V36: Pajor Jolanta Wanda | Y36: Zynda Wieslaw Józef
A37: =C37&" "&D37 -> Dalemula Radoslaw Jakub | B37: 36 | C37: Dalemula | D37: Radoslaw Jakub | E37: 3359 | F37: 7685 | G37: 11727280 | H37: 48575017608 | I37: 44477 | J37: 73050 | K37: DSC 1 | L37: Rydultowy Dworzec Autobusowy | M37: N / N/A | N37: DONGHEE | O37: 0.83476852 | S37: Králová Eliška | T37: Chrzanowska Danuta | V37: Piechaczek Agnieszka | Y37: Kala Janusz Eryk
A38: =C38&" "&D38 -> Damis Malgorzata Maria | B38: 37 | C38: Damis | D38: Malgorzata Maria | E38: 49 | F38: R0088-02 | G38: 9531966 | H38: 48511553878 | I38: 44593 | J38: 73050 | K38: DSC 2 | L38: Zebrzydowice | M38: N / N/A | N38: DSC | S38: Kurasik Monika Dorota | T38: Jachym Sebastian | V38: Rak Barbara Irena | Y38: Możdżeń Dariusz
A39: =C39&" "&D39 -> Derlacz Piotr | B39: 38 | C39: Derlacz | D39: Piotr | E39: 6581 | F39: 0 | G39: 0 | H39: 48502167295 | I39: 45929 | J39: 73050 | K39: BATZ 1 | L39: Wodzisław Śląski Dworzec Autobus. Galeria Karuzela | M39: N / N/A | N39: BATZ | S39: Latka Ewelina Ewa | T39: Kowalski Damian | V39: Salamon Krzysztof | Y39: Skierka Dariusz
A40: =C40&" "&D40 -> Dolezych Lidia | B40: 39 | C40: Dolezych | D40: Lidia | E40: 6568 | F40: 0 | G40: 391211437 | H40: 48533341727 | I40: 45915 | J40: 73050 | K40: BATZ 2 | L40: Źory - Sąd Rejonowy | M40: R / N/A | N40: BATZ | O40: 0.16336806 | S40: Luczkowski Artur | T40: Murawski Kamil | V40: Sikora Teresa Michalina
A41: =C41&" "&D41 -> Doliński Roman | B41: 40 | C41: Doliński | D41: Roman | E41: 5630 | F41: 0 | G41: 13385638 | H41: 48572963084 | I41: 45447 | J41: 73050 | K41: ALLIANCE LAUNDRY 3 | L41: Wodzislaw PKP, trasa 3 | M41: R / N/A | N41: ALLIANCE LAUNDRY | S41: Maciaczyk Urszula | T41: Paluch Joanna | V41: Sikora Karina
A42: =C42&" "&D42 -> Duraj Mateusz Jan | B42: 41 | C42: Duraj | D42: Mateusz Jan | E42: 5584 | F42: 7504 | G42: 0 | H42: 48693393395 | I42: 45414 | J42: 45291 | K42: Vlastní auto | L42: Vlastní auto | M42: O / N/A | N42: DONGHEE | S42: Macura Kamil Damian | T42: Perlik Przemyslaw | V42: Skolarus Sebastian
A43: =C43&" "&D43 -> Ferszt Tomasz | B43: 42 | C43: Ferszt | D43: Tomasz | E43: 6595 | F43: 0 | G43: 12129199 | H43: 48572049840 | I43: 45936 | J43: 73050 | K43: DSC 1 | L43: Rydultowy Dworzec Autobusowy | M43: N / N/A | N43: DSC | O43: 0.83626157 | S43: Machej Adrian | T43: Placzek Michal | V43: Smietana Mirela Barbara
A44: =C44&" "&D44 -> Feszter Ewa | B44: 43 | C44: Feszter | D44: Ewa | E44: 5839 | F44: 0 | G44: 3740819 | H44: 48780612370 | I44: 45525 | J44: 73050 | K44: DSC 1 | L44: Wilchwy przystanek autobusowy Osiedle | M44: N / N/A | N44: DSC | O44: 0.8525 | S44: Majchrowicz Mateusz | T44: Skibinski Adrian | V44: Sowa (Krzenek) Ryszarda
A45: =C45&" "&D45 -> Fitrzyková Jana | B45: 44 | C45: Fitrzyková | D45: Jana | E45: 3721 | F45: 3721 | G45: 328604658 | H45: 420704188141 | I45: 45123 | J45: 73050 | K45: BATZ 1 | L45: Ostrava Dřevoprodej | M45: N / N/A | N45: BATZ | O45: 0.87900463 | S45: Meller Michal Stanislaw | T45: Szybiak Tomasz | V45: Starzyczny Joanna
A46: =C46&" "&D46 -> Fojcik Marzena | B46: 45 | C46: Fojcik | D46: Marzena | E46: 6487 | F46: 0 | G46: 5121719 | H46: 48781216180 | I46: 45873 | J46: 73050 | K46: DSC 1 | L46: Wodzisław Śląski - Dworzec PKP przystanek autobusowy | M46: R / N/A | N46: DSC | O46: 0.18366898 | S46: Mendrok Wanesa | T46: Szymiczek Filip | V46: Stawowski Patryk Tomasz
A47: =C47&" "&D47 -> Ganczorz Tomasz | B47: 46 | C47: Ganczorz | D47: Tomasz | E47: 0 | F47: 0 | G47: 400254898 | H47: 48534498321 | I47: 45824 | J47: 73050 | K47: TATRA - ALS | L47: Rydultowy Dworzec | M47: R / N/A | N47: Tatra | S47: Mienkowska Edyta Ewa | T47: Wysluch-Brzezek Anna | V47: Suchy Anna Katarzyna
A48: =C48&" "&D48 -> Gawel Krystian | B48: 47 | C48: Gawel | D48: Krystian | E48: 6292 | F48: 0 | G48: 0 | H48: 48785727722 | I48: 45757 | J48: 73050 | K48: Vlastní auto | L48: Vlastní auto | M48: N / N/A | N48: DSC | O48: 0.87502315 | S48: Mikus Roman | V48: Surosz Zaneta
A49: =C49&" "&D49 -> Giedziun Monika | B49: 48 | C49: Giedziun | D49: Monika | E49: 6418 | F49: 0 | G49: 1164432 | H49: 48510547460 | I49: 45832 | J49: 73050 | K49: Vlastní auto | L49: Vlastní auto | M49: R / N/A | N49: Donghee | O49: 0.20836806 | S49: Niemczyk Daniel Marcin | V49: Szymiczek Ewa
A50: =C50&" "&D50 -> Goik Andrzej | B50: 49 | C50: Goik | D50: Andrzej | E50: 5281 | F50: 51994 | G50: 348406127 | H50: 48515062430 | I50: 45215 | J50: 73050 | K50: TATRA METALURGIE | L50: Wodzisław PKP | M50: O / N/A | N50: TATRA | S50: Niepsuj Karolina Magdalena | V50: Szymura Edyta Marzena
A51: =C51&" "&D51 -> Golyszna Daria Anna | B51: 50 | C51: Golyszna | D51: Daria Anna | E51: 279 | F51: 0 | G51: 4521242 | H51: 48535973692 | I51: 45019 | J51: 73050 | K51: DSC 2 | L51: Jastrzębie-Zdrój - SUPERSAM przyst. autobus. Al.Piłsudskiego - os. Staszica | M51: O / N/A | N51: DSC | S51: Olszanecka Beata Magdalena | V51: Šoštá Ivana
A52: =C52&" "&D52 -> Gora Renata | B52: 51 | C52: Gora | D52: Renata | E52: 5595 | F52: R1180-01 | G52: 1983141 | H52: 48887691372 | I52: 45425 | J52: 73050 | K52: DSC 2 | L52: Jastrzębie-Zdrój - SUPERSAM przyst. autobus. Al.Piłsudskiego - os. Staszica | M52: O / N/A | N52: DSC | S52: Ordzinska Ewa | V52: Tyminska Sylvia Malgorzata
A53: =C53&" "&D53 -> Gordienko Adam | B53: 52 | C53: Gordienko | D53: Adam | E53: 5110 | F53: A069 | G53: 295413742 | H53: 48793946629 | I53: 45117 | J53: 73050 | K53: BATZ 2 | L53: Źory - Bajerowka | M53: R / N/A | N53: THERMA | O53: 0.1721875 | S53: Paprota Dominik Patryk | V53: Urbanowicz Elzbieta
A54: =C54&" "&D54 -> Gorka Grzegorz | B54: 53 | C54: Gorka | D54: Grzegorz | E54: 6110 | F54: 0 | G54: 301162081 | H54: 48452497412 | I54: 45628 | J54: 73050 | K54: BATZ 1 | L54: Jastr.Zd. - Aleje Piłsudskiego SUPERSAM | M54: O / N/A | N54: BATZ | S54: Pawlak Katarzyna | V54: Urbas Monika Weronika
A55: =C55&" "&D55 -> Gorka Dawid | B55: 54 | C55: Gorka | D55: Dawid | E55: 6473 | F55: 0 | G55: 12109172 | H55: 48796768665 | I55: 45860 | J55: 73050 | K55: BATZ 1 | L55: Jastr.Zd. - Aleje Piłsudskiego SUPERSAM | M55: R / N/A | N55: THERMA | O55: 0.17744213 | S55: Pawlak Lidia Marzena | V55: Watroba Leszek Stanislaw
A56: =C56&" "&D56 -> Gozdur Oliwia Katarzyna | B56: 55 | C56: Gozdur | D56: Oliwia Katarzyna | E56: 5023 | F56: 70141 | G56: 1171041 | H56: 48791369259 | I56: 45145 | J56: 73050 | K56: HILITE 2 | L56: Jastrzebie Zdrój - UM (al. J. Pilsudskiego - przystanek) | M56: R / N/A | N56: HILITE | O56: 0.20384259 | S56: Pawlak Szymon | V56: Wutzke Ewa Sabina
A57: =C57&" "&D57 -> Grabka Daniel | B57: 56 | C57: Grabka | D57: Daniel | E57: 6058 | F57: 0 | G57: 1197561 | H57: 48693819022 | I57: 45610 | J57: 73050 | K57: ALLIANCE LAUNDRY 4 | L57: Jastrzebie Urzad Skarbowy | M57: R / N/A | N57: ALLIANCE LAUNDRY | S57: Pawlas Klaudia Paulina | V57: Wywiol Romeusz
A58: =C58&" "&D58 -> Groborz Paulina Dominika | B58: 57 | C58: Groborz | D58: Paulina Dominika | E58: 5143 | F58: R1037-01 | G58: 2036733 | H58: 48537603885 | I58: 45187 | J58: 73050 | K58: DSC 2 | L58: Źory - Zegar przystanek autobusowy Al. Niepodległości | M58: R / N/A | N58: DSC | O58: 0.17900463 | S58: Penkala Piotr | V58: Zawada Grzegorz
A59: =C59&" "&D59 -> Gromek Sylwia | B59: 58 | C59: Gromek | D59: Sylwia | E59: 5198 | F59: R1073-01 | G59: 1378328 | H59: 48721132122 | I59: 45280 | J59: 73050 | K59: Vlastní auto | L59: Vlastní auto | M59: N / N/A | N59: DSC | O59: 0.87502315 | S59: Plichta Lukasz | V59: Zjadewicz Robert
A60: =C60&" "&D60 -> Grzywacz Klaudia | B60: 59 | C60: Grzywacz | D60: Klaudia | E60: 6543 | F60: 0 | G60: 343116 | H60: 48504579238 | I60: 45904 | J60: 73050 | K60: DSC 1 | L60: Rydultowy Dworzec Autobusowy | M60: O / N/A | N60: Donghee | S60: Plinta Marcin | V60: Brewinski Zbigniew
A61: =C61&" "&D61 -> Grzywacz Zbigniew | B61: 60 | C61: Grzywacz | D61: Zbigniew | E61: 6177 | F61: 0 | G61: 406768 | H61: 48573457958 | I61: 45700 | J61: 73050 | K61: DSC 1 | L61: Rydultowy Dworzec Autobusowy | M61: O / N/A | N61: DONGHEE | S61: Polak Renata | V61: Cyrzyk Grazyna Barbara
A62: =C62&" "&D62 -> Habierska Maja | B62: 61 | C62: Habierska | D62: Maja | E62: 6368 | F62: 0 | G62: 0 | H62: 48576308946 | I62: 45790 | J62: 73050 | K62: Vlastní auto | L62: Vlastní auto | M62: N / N/A | N62: DSC | O62: 0.87502315 | S62: Polok Marzena | V62: Rak Julia
A63: =C63&" "&D63 -> Hak Joanna | B63: 62 | C63: Hak | D63: Joanna | E63: 6541 | F63: 0 | G63: 375023 | H63: 48508145813 | I63: 45904 | J63: 73050 | K63: DSC 2 | L63: Źory - Zegar przystanek autobusowy Al. Niepodległości | M63: O / N/A | N63: Donghee | S63: Pracz Sonia | V63: Stryjska Beata Malgorzata
A64: =C64&" "&D64 -> Halama Pawel | B64: 63 | C64: Halama | D64: Pawel | E64: 6442 | F64: 0 | G64: 12428206 | H64: 48574421353 | I64: 45839 | J64: 73050 | K64: DSC 2 | L64: Jastrzębie-Zdrój HALA przyst. autobus. Hala Sportowa | M64: R / N/A | N64: Donghee | O64: 0.19950231 | S64: Ragus Wiktoria | V64: Zglenicka Magdalena
A65: =C65&" "&D65 -> Hernik Krzysztof | B65: 64 | C65: Hernik | D65: Krzysztof | E65: 6143 | F65: 0 | G65: 13039456 | H65: 48782503255 | I65: 45679 | J65: 73050 | K65: Vlastní auto | L65: Vlastní auto | M65: R / N/A | N65: DONGHEE | O65: 0.20836806 | S65: Ratajczyk Patrycja Joanna | V65: Kowalak Krzysztof
A66: =C66&" "&D66 -> Herok Natalia Magdalena | B66: 65 | C66: Herok | D66: Natalia Magdalena | E66: 5125 | F66: R1021-01 | G66: 3334887 | H66: 48512171549 | I66: 45174 | J66: 73050 | K66: Vlastní auto | L66: Vlastní auto | M66: R / N/A | N66: DSC | O66: 0.20835648 | S66: Rduch Mateusz Pawel | V66: Machnik Weronika
A67: =C67&" "&D67 -> Herok-Legec Jolanta | B67: 66 | C67: Herok-Legec | D67: Jolanta | E67: 6579 | F67: 0 | G67: 0 | H67: 48730336444 | I67: 45931 | J67: 73050 | K67: Vlastní auto | L67: Vlastní auto | M67: R / N/A | N67: Hilite | O67: 0.20836806 | S67: Rudnicka Marta | V67: Ostafin Andrzej Zbigniew
A68: =C68&" "&D68 -> Hodulík Mikuláš | B68: 67 | C68: Hodulík | D68: Mikuláš | E68: 0 | F68: 0 | G68: 0 | H68: 420792438146 | I68: 45934 | J68: 73050 | K68: Vlastní auto | L68: Vlastní auto | M68: N / N/A | N68: HILITE | S68: Saganová Marie | V68: Ostafin Hanna
A69: =C69&" "&D69 -> Hodulík Mikuláš | B69: 68 | C69: Hodulík | D69: Mikuláš | E69: 0 | H69: 420792438146 | I69: 45752 | J69: 0000-00-00 | K69: Vlastní auto | L69: Vlastní auto | M69: N / N/A | N69: Hilite | S69: Satlawa Iwona Maria | V69: Paduch Andrzej
A70: =C70&" "&D70 -> Holeksa Mariola | B70: 69 | C70: Holeksa | D70: Mariola | E70: 6127 | F70: 0 | G70: 5636011 | H70: 48721476111 | I70: 45636 | J70: 73050 | K70: DSC 2 | L70: Jastrzębie-Zdrój - SUPERSAM przyst. autobus. Al.Piłsudskiego - os. Staszica | M70: R / N/A | N70: DSC | S70: Skawinska Dorota Bernadeta | V70: Sienkowski Andrzej
A71: =C71&" "&D71 -> Huptys Wieslawa | B71: 70 | C71: Huptys | D71: Wieslawa | E71: 3529 | F71: 0 | G71: 11982290 | H71: 48667800222 | I71: 44147 | J71: 73050 | K71: HILITE 1 | L71: Wodzisław Śląski - przystanek autobusowy PKP | M71: R / N/A | N71: HILITE | S71: Slupik Anna | V71: Szymura Mariola
A72: =C72&" "&D72 -> Chalimoniuk Igor | B72: 71 | C72: Chalimoniuk | D72: Igor | E72: 6332 | F72: 0 | G72: 0 | H72: 48692787368 | I72: 45779 | J72: 73050 | K72: Vlastní auto | L72: Vlastní auto | M72: N / N/A | N72: DSC | O72: 0.87502315 | S72: Sobik Barbara
A73: =C73&" "&D73 -> Chciuk Lukasz | B73: 72 | C73: Chciuk | D73: Lukasz | E73: 6580 | F73: 0 | G73: 0 | H73: 48574416562 | I73: 45929 | J73: 73050 | K73: Vlastní auto | L73: Vlastní auto | M73: O / N/A | N73: DSC | S73: Sosna Zaneta
A74: =C74&" "&D74 -> Chlebek Aleksandra Ewa | B74: 73 | C74: Chlebek | D74: Aleksandra Ewa | E74: 4871 | F74: R0880-01 | G74: 4569962 | H74: 48668506467 | I74: 45014 | J74: 73050 | K74: Vlastní auto | L74: Vlastní auto | M74: N / N/A | N74: DSC | O74: 0.87502315 | S74: Spiewak Wioletta
A75: =C75&" "&D75 -> Chodinský Rostislav | B75: 74 | C75: Chodinský | D75: Rostislav | E75: 3728 | F75: 3728 | G75: 301165667 | H75: 420735883940 | I75: 44270 | J75: 73050 | K75: BATZ 1 | L75: Ostrava Dřevoprodej | M75: O / N/A | N75: BATZ | S75: Stafiej Lucyna Justyna
A76: =C76&" "&D76 -> Chodorowska Barbara Miroslawa | B76: 75 | C76: Chodorowska | D76: Barbara Miroslawa | E76: 4755 | F76: R0799-01 | G76: 1045792 | H76: 48606929590 | I76: 44900 | J76: 73050 | K76: DSC 2 | L76: Jastrzębie-Zdrój - SUPERSAM przyst. autobus. Al.Piłsudskiego - os. Staszica | M76: R / N/A | N76: DSC | O76: 0.19770833 | S76: Stanek Martyna Katarzyna
A77: =C77&" "&D77 -> Chojnacki Piotr | B77: 76 | C77: Chojnacki | D77: Piotr | E77: 6447 | F77: 0 | G77: 400257948 | H77: 48513612408 | I77: 45846 | J77: 73050 | K77: TATRA METALURGIE | L77: Jastrzębie Czarny Rycerz | M77: R / N/A | N77: TATRA | O77: 0.1700463 | S77: Swoboda Martyna Alicja
A78: =C78&" "&D78 -> Iwanek Rafal | B78: 77 | C78: Iwanek | D78: Rafal | E78: 6260 | F78: 0 | G78: 0 | H78: 48511332102 | I78: 45743 | J78: 73050 | K78: Vlastní auto | L78: Vlastní auto | M78: R / N/A | N78: Donghee | O78: 0.20836806 | S78: Szczesny Agnieszka Joanna
A79: =C79&" "&D79 -> Jablonski Slawomir | B79: 78 | C79: Jablonski | D79: Slawomir | E79: 5647 | F79: 0 | G79: 11965953 | H79: 48570135655 | I79: 45453 | J79: 73050 | K79: ALLIANCE LAUNDRY 4 | L79: Jastrzebie Urzad Miasta Morcinka | M79: R / N/A | N79: ALLIANCE LAUNDRY | O79: 0.17868056 | S79: Szpin Mateusz
A80: =C80&" "&D80 -> Jakubiec Krzysztof Grzegorz | B80: 79 | C80: Jakubiec | D80: Krzysztof Grzegorz | E80: 4960 | F80: R0942-01 | G80: 1985501 | H80: 48538332346 | I80: 45061 | J80: 73050 | K80: DSC 1 | L80: Rydultowy Orlowiec | M80: N / N/A | N80: DSC | O80: 0.83133102 | S80: Tomica Janusz Franciszek
A81: =C81&" "&D81 -> Jamry Kamil | B81: 80 | C81: Jamry | D81: Kamil | E81: 5583 | F81: R0700-02 | G81: 15511324 | H81: 48570470732 | I81: 45408 | J81: 45410 | K81: DSC 2 | L81: Male Konczyce | M81: N / N/A | N81: DSC | O81: 0.87679398 | S81: Tomiczek Sara Beata
A82: =C82&" "&D82 -> Janczuk Mariola Anna | B82: 81 | C82: Janczuk | D82: Mariola Anna | E82: 123 | F82: R0454-01 | G82: 7815411 | H82: 48535364505 | I82: 44593 | J82: 73050 | K82: DSC 1 | L82: Wodzisław Śląski - Dworzec PKP przystanek autobusowy | M82: R / N/A | N82: DSC | O82: 0.18371528 | S82: Tuna Lukáš
A83: =C83&" "&D83 -> Janiczek Kamil Patryk | B83: 82 | C83: Janiczek | D83: Kamil Patryk | E83: 5113 | F83: 51928 | G83: 369978365 | H83: 48884337008 | I83: 45119 | J83: 73050 | K83: TATRA METALURGIE | L83: Żory Bajerówka | M83: R / N/A | N83: TATRA | O83: 0.15741898 | S83: Tytko Aleksandra Irmina
A84: =C84&" "&D84 -> Janik-Rurarz Izabela | B84: 83 | C84: Janik-Rurarz | D84: Izabela | E84: 0 | F84: 0 | G84: 1192974 | H84: 48537143265 | I84: 45887 | J84: 73050 | K84: BATZ 1 | L84: Wodzisław Śląski stacja paliw Circle K/McDonalds | M84: N / N/A | N84: BATZ | O84: 0.85465278 | S84: Urbaczka Dominika
A85: =C85&" "&D85 -> Jarosz Mariusz | B85: 84 | C85: Jarosz | D85: Mariusz | E85: 6327 | F85: 0 | G85: 400209523 | H85: 48797036388 | I85: 45775 | J85: 73050 | K85: TATRA METALURGIE | L85: Żory Bajerówka | M85: R / N/A | N85: TATRA | O85: 0.15733796 | S85: Urbas Justyna
A86: =C86&" "&D86 -> Jaworski Dariusz | B86: 85 | C86: Jaworski | D86: Dariusz | E86: 6590 | F86: 0 | G86: 52607M | H86: 48533322363 | I86: 45931 | J86: 73050 | K86: TATRA METALURGIE | L86: Jastrzębie Czarny Rycerz | M86: R / N/A | N86: Tatra | S86: Veselá Stanislava
A87: =C87&" "&D87 -> Juszczak Jadwiga | B87: 86 | C87: Juszczak | D87: Jadwiga | E87: 6330 | F87: 0 | G87: 1717734 | H87: 48605965193 | I87: 45775 | J87: 73050 | K87: BATZ 2 | L87: Źory - Sąd Rejonowy | M87: O / N/A | N87: BATZ | S87: Veselý Stanislav
A88: =C88&" "&D88 -> Kaczmarczyk Jagna | B88: 87 | C88: Kaczmarczyk | D88: Jagna | E88: 6586 | F88: 0 | G88: 361645 | H88: 48795990429 | I88: 45931 | J88: 73050 | K88: HILITE 1 | L88: UNIWAR - parking obok Uniwaru | M88: R / N/A | N88: Hilite | S88: Waclawczyk Adam Krzysztof
A89: =C89&" "&D89 -> Kalisz Patrycja | B89: 88 | C89: Kalisz | D89: Patrycja | E89: 5525 | F89: R1150-01 | G89: 8830550 | H89: 48789801076 | I89: 45377 | J89: 73050 | K89: Vlastní auto | L89: Vlastní auto | M89: R / N/A | N89: DSC | O89: 0.20836806 | S89: Wagner Irena Agnieszka
A90: =C90&" "&D90 -> Klonowski Piotr | B90: 89 | C90: Klonowski | D90: Piotr | E90: 6587 | F90: 0 | G90: 52606P | H90: 48535920208 | I90: 45931 | J90: 73050 | K90: TATRA METALURGIE | L90: Jastrzębie Urząd Skarbowy | M90: R / N/A | N90: TATRA | S90: Wawrzyczny Leszek Adam
A91: =C91&" "&D91 -> Koblanski Daniel | B91: 90 | C91: Koblanski | D91: Daniel | E91: 5834 | F91: 0 | G91: 415523 | H91: 48661131885 | I91: 45524 | J91: 73050 | K91: ALLIANCE LAUNDRY 3 | L91: Wodzislaw PKP, trasa 3 | M91: R / N/A | N91: ALLIANCE LAUNDRY | S91: Wojtowicz Wieslawa
A92: =C92&" "&D92 -> Kolanowski Dawid Piotr | B92: 91 | C92: Kolanowski | D92: Dawid Piotr | E92: 4651 | F92: 70079 | G92: 11675538 | H92: 48510141501 | I92: 44795 | J92: 73050 | K92: HILITE 2 | L92: Jastrzebie Zdrój - Dubielec (ul. Rybnicka - przystanek) | M92: R / N/A | N92: HILITE | O92: 0.19957176 | S92: Wojtowicz Karolina
A93: =C93&" "&D93 -> Konieczny Joanna | B93: 92 | C93: Konieczny | D93: Joanna | E93: 5828 | F93: 0 | G93: 65285552 | H93: 48452375689 | I93: 45523 | J93: 73050 | K93: BATZ 1 | L93: Wodzisław Śląski Dworzec Autobus. Galeria Karuzela | M93: N / N/A | N93: BATZ | O93: 0.85462963 | S93: Wronka Rafal
A94: =C94&" "&D94 -> Korab Karina Weronika | B94: 93 | C94: Korab | D94: Karina Weronika | E94: 126 | F94: R0527-01 | G94: 2705732 | H94: 48785912038 | I94: 44593 | J94: 73050 | K94: Vlastní auto | L94: Vlastní auto | M94: O / N/A | N94: DSC | S94: Zmarzly Roksana Marzena
A95: =C95&" "&D95 -> Korcz Wioleta | B95: 94 | C95: Korcz | D95: Wioleta | E95: 5782 | F95: 0 | G95: 13067733 | H95: 48694806447 | I95: 45505 | J95: 45869 | K95: HILITE 2 | L95: Źory Bajerówka (al. Jana Pawla - przystanek) | M95: R / N/A | N95: HILITE | S95: Zubrzycka Barbara
A96: =C96&" "&D96 -> Kordowski Henryk | B96: 95 | C96: Kordowski | D96: Henryk | E96: 6317 | F96: 0 | G96: 400223833 | H96: 48570158521 | I96: 45769 | J96: 73050 | K96: TATRA METALURGIE | L96: Żory Sąd | M96: R / N/A | N96: TATRA | S96: Zygadlinska Aneta
A97: =C97&" "&D97 -> Kotas Barbara Mariola | B97: 96 | C97: Kotas | D97: Barbara Mariola | E97: 127 | F97: R0125-01 | G97: 9534092 | H97: 48531077296 | I97: 44593 | J97: 73050 | K97: DSC 2 | L97: Jastrzębie-Zdrój HALA przyst. autobus. Hala Sportowa | M97: O / N/A | N97: DSC | S97: Przybyla Danuta Anna
A98: =C98&" "&D98 -> Kotowski Zbigniew Marek | B98: 97 | C98: Kotowski | D98: Zbigniew Marek | E98: 4775 | F98: 4775 | G98: 301166922 | H98: 48539242677 | I98: 44893 | J98: 73050 | K98: BATZ 2 | L98: Cieszyn Liburnia | M98: N/A / N/A | N98: BATZ | S98: Wodyk Piotr
A99: =C99&" "&D99 -> Kovařčik Tomáš | B99: 98 | C99: Kovařčik | D99: Tomáš | E99: 3695 | F99: 10695 | G99: 13126893 | H99: 739764081 | I99: 44256 | J99: 73050 | K99: Vlastní auto | L99: Vlastní auto | M99: N / N/A | N99: TATRA | S99: Ambroziewicz Hanna
A100: =C100&" "&D100 -> Kowaczik Bozena Jadwiga | B100: 99 | C100: Kowaczik | D100: Bozena Jadwiga | E100: 4847 | F100: R0864-01 | G100: 8651978 | H100: 48533222984 | I100: 44986 | J100: 73050 | K100: Vlastní auto | L100: Vlastní auto | M100: O / N/A | N100: DSC | S100: Nowak-Plucińska Beata Renata
...

Sheet 2025
B1: Datum | C1: Firma | D1: Pracovník | E1: Os. Číslo | F1: Přítomnost / Směna | G1: Absence | H1: Úvazek | I1: Doprava | J1: Přesčas | K1: Poznámka
A2: =IFERROR(IF(Tabulka2[[#This Row],[Datum]]=0,"!!! Vyplň DATUM !!!",IF(AND(Tabulka2[[#This Row],[Datum]]>0,Tabulka2[[#This Row],[Firma]]=0),"!!! Vyplň FIRMU !!!",IF(AND(Tabulka2[[#This Row],[Datum]]>0,Tabulka2[[#This Row],[Firma]]>0,Tabulka2[[#This Row],[Pracovník]]=0),"!!! Vyplň PRACOVNÍKA !!!",IF(AND(Tabulka2[[#This Row],[Datum]]>0,Tabulka2[[#This Row],[Firma]]>0,Tabulka2[[#This Row],[Pracovník]]>0,Tabulka2[[#This Row],[Přítomnost / Směna]]=0),"!!! Vyplň SMĚNU !!!","")))),"") | B2: 45924 | C2: BATZ | D2: Adamiak Magdalena | E2: =IFERROR(VLOOKUP(Tabulka2[[#This Row],[Pracovník]],DATA!A:L,5,0),"") -> 5777 | F2: O | I2: =IFERROR(VLOOKUP(Tabulka2[[#This Row],[Pracovník]],DATA!A:L,11,0),"") -> BATZ 2
A3: =IFERROR(IF(Tabulka2[[#This Row],[Datum]]=0,"!!! Vyplň DATUM !!!",IF(AND(Tabulka2[[#This Row],[Datum]]>0,Tabulka2[[#This Row],[Firma]]=0),"!!! Vyplň FIRMU !!!",IF(AND(Tabulka2[[#This Row],[Datum]]>0,Tabulka2[[#This Row],[Firma]]>0,Tabulka2[[#This Row],[Pracovník]]=0),"!!! Vyplň PRACOVNÍKA !!!",IF(AND(Tabulka2[[#This Row],[Datum]]>0,Tabulka2[[#This Row],[Firma]]>0,Tabulka2[[#This Row],[Pracovník]]>0,Tabulka2[[#This Row],[Přítomnost / Směna]]=0),"!!! Vyplň SMĚNU !!!","")))),"") | B3: 45924 | C3: BATZ | D3: Bartoň Edyta | E3: =IFERROR(VLOOKUP(Tabulka2[[#This Row],[Pracovník]],DATA!A:L,5,0),"") -> 4838 | F3: N | I3: =IFERROR(VLOOKUP(Tabulka2[[#This Row],[Pracovník]],DATA!A:L,11,0),"") -> BATZ 2
A4: =IFERROR(IF(Tabulka2[[#This Row],[Datum]]=0,"!!! Vyplň DATUM !!!",IF(AND(Tabulka2[[#This Row],[Datum]]>0,Tabulka2[[#This Row],[Firma]]=0),"!!! Vyplň FIRMU !!!",IF(AND(Tabulka2[[#This Row],[Datum]]>0,Tabulka2[[#This Row],[Firma]]>0,Tabulka2[[#This Row],[Pracovník]]=0),"!!! Vyplň PRACOVNÍKA !!!",IF(AND(Tabulka2[[#This Row],[Datum]]>0,Tabulka2[[#This Row],[Firma]]>0,Tabulka2[[#This Row],[Pracovník]]>0,Tabulka2[[#This Row],[Přítomnost / Směna]]=0),"!!! Vyplň SMĚNU !!!","")))),"") | B4: 45924 | C4: BATZ | D4: Belej Karina | E4: =IFERROR(VLOOKUP(Tabulka2[[#This Row],[Pracovník]],DATA!A:L,5,0),"") -> 4599 | F4: O | I4: =IFERROR(VLOOKUP(Tabulka2[[#This Row],[Pracovník]],DATA!A:L,11,0),"") -> BATZ 1
A5: =IFERROR(IF(Tabulka2[[#This Row],[Datum]]=0,"!!! Vyplň DATUM !!!",IF(AND(Tabulka2[[#This Row],[Datum]]>0,Tabulka2[[#This Row],[Firma]]=0),"!!! Vyplň FIRMU !!!",IF(AND(Tabulka2[[#This Row],[Datum]]>0,Tabulka2[[#This Row],[Firma]]>0,Tabulka2[[#This Row],[Pracovník]]=0),"!!! Vyplň PRACOVNÍKA !!!",IF(AND(Tabulka2[[#This Row],[Datum]]>0,Tabulka2[[#This Row],[Firma]]>0,Tabulka2[[#This Row],[Pracovník]]>0,Tabulka2[[#This Row],[Přítomnost / Směna]]=0),"!!! Vyplň SMĚNU !!!","")))),"") | B5: 45924 | C5: BATZ | D5: Bortlik Dawid | E5: =IFERROR(VLOOKUP(Tabulka2[[#This Row],[Pracovník]],DATA!A:L,5,0),"") -> 6566 | F5: N | I5: =IFERROR(VLOOKUP(Tabulka2[[#This Row],[Pracovník]],DATA!A:L,11,0),"") -> BATZ 1
A6: =IFERROR(IF(Tabulka2[[#This Row],[Datum]]=0,"!!! Vyplň DATUM !!!",IF(AND(Tabulka2[[#This Row],[Datum]]>0,Tabulka2[[#This Row],[Firma]]=0),"!!! Vyplň FIRMU !!!",IF(AND(Tabulka2[[#This Row],[Datum]]>0,Tabulka2[[#This Row],[Firma]]>0,Tabulka2[[#This Row],[Pracovník]]=0),"!!! Vyplň PRACOVNÍKA !!!",IF(AND(Tabulka2[[#This Row],[Datum]]>0,Tabulka2[[#This Row],[Firma]]>0,Tabulka2[[#This Row],[Pracovník]]>0,Tabulka2[[#This Row],[Přítomnost / Směna]]=0),"!!! Vyplň SMĚNU !!!","")))),"") | B6: 45924 | C6: BATZ | D6: Brewinski Zbigniew | E6: =IFERROR(VLOOKUP(Tabulka2[[#This Row],[Pracovník]],DATA!A:L,5,0),"") -> 5400 | F6: N | I6: =IFERROR(VLOOKUP(Tabulka2[[#This Row],[Pracovník]],DATA!A:L,11,0),"") -> BATZ 1
A7: =IFERROR(IF(Tabulka2[[#This Row],[Datum]]=0,"!!! Vyplň DATUM !!!",IF(AND(Tabulka2[[#This Row],[Datum]]>0,Tabulka2[[#This Row],[Firma]]=0),"!!! Vyplň FIRMU !!!",IF(AND(Tabulka2[[#This Row],[Datum]]>0,Tabulka2[[#This Row],[Firma]]>0,Tabulka2[[#This Row],[Pracovník]]=0),"!!! Vyplň PRACOVNÍKA !!!",IF(AND(Tabulka2[[#This Row],[Datum]]>0,Tabulka2[[#This Row],[Firma]]>0,Tabulka2[[#This Row],[Pracovník]]>0,Tabulka2[[#This Row],[Přítomnost / Směna]]=0),"!!! Vyplň SMĚNU !!!","")))),"") | B7: 45924 | C7: BATZ | D7: Bujok Dominik | E7: =IFERROR(VLOOKUP(Tabulka2[[#This Row],[Pracovník]],DATA!A:L,5,0),"") -> 5094 | F7: R | I7: =IFERROR(VLOOKUP(Tabulka2[[#This Row],[Pracovník]],DATA!A:L,11,0),"") -> BATZ 2 | J7: Odpolední
A8: =IFERROR(IF(Tabulka2[[#This Row],[Datum]]=0,"!!! Vyplň DATUM !!!",IF(AND(Tabulka2[[#This Row],[Datum]]>0,Tabulka2[[#This Row],[Firma]]=0),"!!! Vyplň FIRMU !!!",IF(AND(Tabulka2[[#This Row],[Datum]]>0,Tabulka2[[#This Row],[Firma]]>0,Tabulka2[[#This Row],[Pracovník]]=0),"!!! Vyplň PRACOVNÍKA !!!",IF(AND(Tabulka2[[#This Row],[Datum]]>0,Tabulka2[[#This Row],[Firma]]>0,Tabulka2[[#This Row],[Pracovník]]>0,Tabulka2[[#This Row],[Přítomnost / Směna]]=0),"!!! Vyplň SMĚNU !!!","")))),"") | B8: 45924 | C8: BATZ | D8: Bury Angelika | E8: =IFERROR(VLOOKUP(Tabulka2[[#This Row],[Pracovník]],DATA!A:L,5,0),"") -> 6001 | F8: R | I8: =IFERROR(VLOOKUP(Tabulka2[[#This Row],[Pracovník]],DATA!A:L,11,0),"") -> BATZ 1
A9: =IFERROR(IF(Tabulka2[[#This Row],[Datum]]=0,"!!! Vyplň DATUM !!!",IF(AND(Tabulka2[[#This Row],[Datum]]>0,Tabulka2[[#This Row],[Firma]]=0),"!!! Vyplň FIRMU !!!",IF(AND(Tabulka2[[#This Row],[Datum]]>0,Tabulka2[[#This Row],[Firma]]>0,Tabulka2[[#This Row],[Pracovník]]=0),"!!! Vyplň PRACOVNÍKA !!!",IF(AND(Tabulka2[[#This Row],[Datum]]>0,Tabulka2[[#This Row],[Firma]]>0,Tabulka2[[#This Row],[Pracovník]]>0,Tabulka2[[#This Row],[Přítomnost / Směna]]=0),"!!! Vyplň SMĚNU !!!","")))),"") | B9: 45924 | C9: BATZ | D9: Buturla Bozena | E9: =IFERROR(VLOOKUP(Tabulka2[[#This Row],[Pracovník]],DATA!A:L,5,0),"") -> 6573 | F9: R | I9: =IFERROR(VLOOKUP(Tabulka2[[#This Row],[Pracovník]],DATA!A:L,11,0),"") -> BATZ 1
A10: =IFERROR(IF(Tabulka2[[#This Row],[Datum]]=0,"!!! Vyplň DATUM !!!",IF(AND(Tabulka2[[#This Row],[Datum]]>0,Tabulka2[[#This Row],[Firma]]=0),"!!! Vyplň FIRMU !!!",IF(AND(Tabulka2[[#This Row],[Datum]]>0,Tabulka2[[#This Row],[Firma]]>0,Tabulka2[[#This Row],[Pracovník]]=0),"!!! Vyplň PRACOVNÍKA !!!",IF(AND(Tabulka2[[#This Row],[Datum]]>0,Tabulka2[[#This Row],[Firma]]>0,Tabulka2[[#This Row],[Pracovník]]>0,Tabulka2[[#This Row],[Přítomnost / Směna]]=0),"!!! Vyplň SMĚNU !!!","")))),"") | B10: 45924 | C10: BATZ | D10: Buza Grazyna Aniela | E10: =IFERROR(VLOOKUP(Tabulka2[[#This Row],[Pracovník]],DATA!A:L,5,0),"") -> 5129 | F10: O | I10: =IFERROR(VLOOKUP(Tabulka2[[#This Row],[Pracovník]],DATA!A:L,11,0),"") -> BATZ 1
A11: =IFERROR(IF(Tabulka2[[#This Row],[Datum]]=0,"!!! Vyplň DATUM !!!",IF(AND(Tabulka2[[#This Row],[Datum]]>0,Tabulka2[[#This Row],[Firma]]=0),"!!! Vyplň FIRMU !!!",IF(AND(Tabulka2[[#This Row],[Datum]]>0,Tabulka2[[#This Row],[Firma]]>0,Tabulka2[[#This Row],[Pracovník]]=0),"!!! Vyplň PRACOVNÍKA !!!",IF(AND(Tabulka2[[#This Row],[Datum]]>0,Tabulka2[[#This Row],[Firma]]>0,Tabulka2[[#This Row],[Pracovník]]>0,Tabulka2[[#This Row],[Přítomnost / Směna]]=0),"!!! Vyplň SMĚNU !!!","")))),"") | B11: 45924 | C11: BATZ | D11: Buza Jan Ireneusz | E11: =IFERROR(VLOOKUP(Tabulka2[[#This Row],[Pracovník]],DATA!A:L,5,0),"") -> 5663 | F11: O | I11: =IFERROR(VLOOKUP(Tabulka2[[#This Row],[Pracovník]],DATA!A:L,11,0),"") -> BATZ 1
A12: =IFERROR(IF(Tabulka2[[#This Row],[Datum]]=0,"!!! Vyplň DATUM !!!",IF(AND(Tabulka2[[#This Row],[Datum]]>0,Tabulka2[[#This Row],[Firma]]=0),"!!! Vyplň FIRMU !!!",IF(AND(Tabulka2[[#This Row],[Datum]]>0,Tabulka2[[#This Row],[Firma]]>0,Tabulka2[[#This Row],[Pracovník]]=0),"!!! Vyplň PRACOVNÍKA !!!",IF(AND(Tabulka2[[#This Row],[Datum]]>0,Tabulka2[[#This Row],[Firma]]>0,Tabulka2[[#This Row],[Pracovník]]>0,Tabulka2[[#This Row],[Přítomnost / Směna]]=0),"!!! Vyplň SMĚNU !!!","")))),"") | B12: 45924 | C12: BATZ | D12: Cyrzyk Grazyna Barbara | E12: =IFERROR(VLOOKUP(Tabulka2[[#This Row],[Pracovník]],DATA!A:L,5,0),"") -> 4501 | F12: R | I12: =IFERROR(VLOOKUP(Tabulka2[[#This Row],[Pracovník]],DATA!A:L,11,0),"") -> BATZ 2
A13: =IFERROR(IF(Tabulka2[[#This Row],[Datum]]=0,"!!! Vyplň DATUM !!!",IF(AND(Tabulka2[[#This Row],[Datum]]>0,Tabulka2[[#This Row],[Firma]]=0),"!!! Vyplň FIRMU !!!",IF(AND(Tabulka2[[#This Row],[Datum]]>0,Tabulka2[[#This Row],[Firma]]>0,Tabulka2[[#This Row],[Pracovník]]=0),"!!! Vyplň PRACOVNÍKA !!!",IF(AND(Tabulka2[[#This Row],[Datum]]>0,Tabulka2[[#This Row],[Firma]]>0,Tabulka2[[#This Row],[Pracovník]]>0,Tabulka2[[#This Row],[Přítomnost / Směna]]=0),"!!! Vyplň SMĚNU !!!","")))),"") | B13: 45924 | C13: BATZ | D13: Cwiklak Robert | E13: =IFERROR(VLOOKUP(Tabulka2[[#This Row],[Pracovník]],DATA!A:L,5,0),"") -> 4936 | F13: R | I13: =IFERROR(VLOOKUP(Tabulka2[[#This Row],[Pracovník]],DATA!A:L,11,0),"") -> BATZ 1
A14: =IFERROR(IF(Tabulka2[[#This Row],[Datum]]=0,"!!! Vyplň DATUM !!!",IF(AND(Tabulka2[[#This Row],[Datum]]>0,Tabulka2[[#This Row],[Firma]]=0),"!!! Vyplň FIRMU !!!",IF(AND(Tabulka2[[#This Row],[Datum]]>0,Tabulka2[[#This Row],[Firma]]>0,Tabulka2[[#This Row],[Pracovník]]=0),"!!! Vyplň PRACOVNÍKA !!!",IF(AND(Tabulka2[[#This Row],[Datum]]>0,Tabulka2[[#This Row],[Firma]]>0,Tabulka2[[#This Row],[Pracovník]]>0,Tabulka2[[#This Row],[Přítomnost / Směna]]=0),"!!! Vyplň SMĚNU !!!","")))),"") | B14: 45924 | C14: BATZ | D14: Chodinský Rostislav | E14: =IFERROR(VLOOKUP(Tabulka2[[#This Row],[Pracovník]],DATA!A:L,5,0),"") -> 3728 | F14: R | I14: =IFERROR(VLOOKUP(Tabulka2[[#This Row],[Pracovník]],DATA!A:L,11,0),"") -> BATZ 1
A15: =IFERROR(IF(Tabulka2[[#This Row],[Datum]]=0,"!!! Vyplň DATUM !!!",IF(AND(Tabulka2[[#This Row],[Datum]]>0,Tabulka2[[#This Row],[Firma]]=0),"!!! Vyplň FIRMU !!!",IF(AND(Tabulka2[[#This Row],[Datum]]>0,Tabulka2[[#This Row],[Firma]]>0,Tabulka2[[#This Row],[Pracovník]]=0),"!!! Vyplň PRACOVNÍKA !!!",IF(AND(Tabulka2[[#This Row],[Datum]]>0,Tabulka2[[#This Row],[Firma]]>0,Tabulka2[[#This Row],[Pracovník]]>0,Tabulka2[[#This Row],[Přítomnost / Směna]]=0),"!!! Vyplň SMĚNU !!!","")))),"") | B15: 45924 | C15: BATZ | D15: Dalemula Krysztof Grzegorz | E15: =IFERROR(VLOOKUP(Tabulka2[[#This Row],[Pracovník]],DATA!A:L,5,0),"") -> 4955 | F15: O | I15: =IFERROR(VLOOKUP(Tabulka2[[#This Row],[Pracovník]],DATA!A:L,11,0),"") -> BATZ 1
A16: =IFERROR(IF(Tabulka2[[#This Row],[Datum]]=0,"!!! Vyplň DATUM !!!",IF(AND(Tabulka2[[#This Row],[Datum]]>0,Tabulka2[[#This Row],[Firma]]=0),"!!! Vyplň FIRMU !!!",IF(AND(Tabulka2[[#This Row],[Datum]]>0,Tabulka2[[#This Row],[Firma]]>0,Tabulka2[[#This Row],[Pracovník]]=0),"!!! Vyplň PRACOVNÍKA !!!",IF(AND(Tabulka2[[#This Row],[Datum]]>0,Tabulka2[[#This Row],[Firma]]>0,Tabulka2[[#This Row],[Pracovník]]>0,Tabulka2[[#This Row],[Přítomnost / Směna]]=0),"!!! Vyplň SMĚNU !!!","")))),"") | B16: 45924 | C16: BATZ | D16: Dolezych Lidia | E16: =IFERROR(VLOOKUP(Tabulka2[[#This Row],[Pracovník]],DATA!A:L,5,0),"") -> 6568 | F16: R | I16: =IFERROR(VLOOKUP(Tabulka2[[#This Row],[Pracovník]],DATA!A:L,11,0),"") -> BATZ 2
A17: =IFERROR(IF(Tabulka2[[#This Row],[Datum]]=0,"!!! Vyplň DATUM !!!",IF(AND(Tabulka2[[#This Row],[Datum]]>0,Tabulka2[[#This Row],[Firma]]=0),"!!! Vyplň FIRMU !!!",IF(AND(Tabulka2[[#This Row],[Datum]]>0,Tabulka2[[#This Row],[Firma]]>0,Tabulka2[[#This Row],[Pracovník]]=0),"!!! Vyplň PRACOVNÍKA !!!",IF(AND(Tabulka2[[#This Row],[Datum]]>0,Tabulka2[[#This Row],[Firma]]>0,Tabulka2[[#This Row],[Pracovník]]>0,Tabulka2[[#This Row],[Přítomnost / Směna]]=0),"!!! Vyplň SMĚNU !!!","")))),"") | B17: 45924 | C17: BATZ | D17: Fitrzyková Jana | E17: =IFERROR(VLOOKUP(Tabulka2[[#This Row],[Pracovník]],DATA!A:L,5,0),"") -> 3721 | F17: O | I17: =IFERROR(VLOOKUP(Tabulka2[[#This Row],[Pracovník]],DATA!A:L,11,0),"") -> BATZ 1
A18: =IFERROR(IF(Tabulka2[[#This Row],[Datum]]=0,"!!! Vyplň DATUM !!!",IF(AND(Tabulka2[[#This Row],[Datum]]>0,Tabulka2[[#This Row],[Firma]]=0),"!!! Vyplň FIRMU !!!",IF(AND(Tabulka2[[#This Row],[Datum]]>0,Tabulka2[[#This Row],[Firma]]>0,Tabulka2[[#This Row],[Pracovník]]=0),"!!! Vyplň PRACOVNÍKA !!!",IF(AND(Tabulka2[[#This Row],[Datum]]>0,Tabulka2[[#This Row],[Firma]]>0,Tabulka2[[#This Row],[Pracovník]]>0,Tabulka2[[#This Row],[Přítomnost / Směna]]=0),"!!! Vyplň SMĚNU !!!","")))),"") | B18: 45924 | C18: BATZ | D18: Gorka Grzegorz | E18: =IFERROR(VLOOKUP(Tabulka2[[#This Row],[Pracovník]],DATA!A:L,5,0),"") -> 6110 | F18: R | I18: =IFERROR(VLOOKUP(Tabulka2[[#This Row],[Pracovník]],DATA!A:L,11,0),"") -> BATZ 1
A19: =IFERROR(IF(Tabulka2[[#This Row],[Datum]]=0,"!!! Vyplň DATUM !!!",IF(AND(Tabulka2[[#This Row],[Datum]]>0,Tabulka2[[#This Row],[Firma]]=0),"!!! Vyplň FIRMU !!!",IF(AND(Tabulka2[[#This Row],[Datum]]>0,Tabulka2[[#This Row],[Firma]]>0,Tabulka2[[#This Row],[Pracovník]]=0),"!!! Vyplň PRACOVNÍKA !!!",IF(AND(Tabulka2[[#This Row],[Datum]]>0,Tabulka2[[#This Row],[Firma]]>0,Tabulka2[[#This Row],[Pracovník]]>0,Tabulka2[[#This Row],[Přítomnost / Směna]]=0),"!!! Vyplň SMĚNU !!!","")))),"") | B19: 45924 | C19: BATZ | D19: Janik-Rurarz Izabela | E19: =IFERROR(VLOOKUP(Tabulka2[[#This Row],[Pracovník]],DATA!A:L,5,0),"") -> 0 | F19: O | I19: =IFERROR(VLOOKUP(Tabulka2[[#This Row],[Pracovník]],DATA!A:L,11,0),"") -> BATZ 1
... A23: =IFERROR(IF(Tabulka2[[#This Row],[Datum]]=0,"!!! Vyplň DATUM !!!",IF(AND(Tabulka2[[#This Row],[Datum]]>0,Tabulka2[[#This Row],[Firma]]=0),"!!! Vyplň FIRMU !!!",IF(AND(Tabulka2[[#This Row],[Datum]]>0,Tabulka2[[#This Row],[Firma]]>0,Tabulka2[[#This Row],[Pracovník]]=0),"!!! Vyplň PRACOVNÍKA !!!",IF(AND(Tabulka2[[#This Row],[Datum]]>0,Tabulka2[[#This Row],[Firma]]>0,Tabulka2[[#This Row],[Pracovník]]>0,Tabulka2[[#This Row],[Přítomnost / Směna]]=0),"!!! Vyplň SMĚNU !!!","")))),"") | B23: 45924 | C23: BATZ | D23: Kowalak Krzysztof | E23: =IFERROR(VLOOKUP(Tabulka2[[#This Row],[Pracovník]],DATA!A:L,5,0),"") -> 6551 | F23: O | I23: =IFERROR(VLOOKUP(Tabulka2[[#This Row],[Pracovník]],DATA!A:L,11,0),"") -> BATZ 1
A24: =IFERROR(IF(Tabulka2[[#This Row],[Datum]]=0,"!!! Vyplň DATUM !!!",IF(AND(Tabulka2[[#This Row],[Datum]]>0,Tabulka2[[#This Row],[Firma]]=0),"!!! Vyplň FIRMU !!!",IF(AND(Tabulka2[[#This Row],[Datum]]>0,Tabulka2[[#This Row],[Firma]]>0,Tabulka2[[#This Row],[Pracovník]]=0),"!!! Vyplň PRACOVNÍKA !!!",IF(AND(Tabulka2[[#This Row],[Datum]]>0,Tabulka2[[#This Row],[Firma]]>0,Tabulka2[[#This Row],[Pracovník]]>0,Tabulka2[[#This Row],[Přítomnost / Směna]]=0),"!!! Vyplň SMĚNU !!!","")))),"") | B24: 45924 | C24: BATZ | D24: Kozielski Kozielski Andrzej Jozef | E24: =IFERROR(VLOOKUP(Tabulka2[[#This Row],[Pracovník]],DATA!A:L,5,0),"") -> 5665 | F24: A | G24: Nemoc | I24: =IFERROR(VLOOKUP(Tabulka2[[#This Row],[Pracovník]],DATA!A:L,11,0),"") -> BATZ 1
A25: =IFERROR(IF(Tabulka2[[#This Row],[Datum]]=0,"!!! Vyplň DATUM !!!",IF(AND(Tabulka2[[#This Row],[Datum]]>0,Tabulka2[[#This Row],[Firma]]=0),"!!! Vyplň FIRMU !!!",IF(AND(Tabulka2[[#This Row],[Datum]]>0,Tabulka2[[#This Row],[Firma]]>0,Tabulka2[[#This Row],[Pracovník]]=0),"!!! Vyplň PRACOVNÍKA !!!",IF(AND(Tabulka2[[#This Row],[Datum]]>0,Tabulka2[[#This Row],[Firma]]>0,Tabulka2[[#This Row],[Pracovník]]>0,Tabulka2[[#This Row],[Přítomnost / Směna]]=0),"!!! Vyplň SMĚNU !!!","")))),"") | B25: 45924 | C25: BATZ | D25: Krensel Maria | E25: =IFERROR(VLOOKUP(Tabulka2[[#This Row],[Pracovník]],DATA!A:L,5,0),"") -> 2463 | F25: N | I25: =IFERROR(VLOOKUP(Tabulka2[[#This Row],[Pracovník]],DATA!A:L,11,0),"") -> Vlastní auto
A26: =IFERROR(IF(Tabulka2[[#This Row],[Datum]]=0,"!!! Vyplň DATUM !!!",IF(AND(Tabulka2[[#This Row],[Datum]]>0,Tabulka2[[#This Row],[Firma]]=0),"!!! Vyplň FIRMU !!!",IF(AND(Tabulka2[[#This Row],[Datum]]>0,Tabulka2[[#This Row],[Firma]]>0,Tabulka2[[#This Row],[Pracovník]]=0),"!!! Vyplň PRACOVNÍKA !!!",IF(AND(Tabulka2[[#This Row],[Datum]]>0,Tabulka2[[#This Row],[Firma]]>0,Tabulka2[[#This Row],[Pracovník]]>0,Tabulka2[[#This Row],[Přítomnost / Směna]]=0),"!!! Vyplň SMĚNU !!!","")))),"") | B26: 45924 | C26: BATZ | D26: Krótki Gabriel | E26: =IFERROR(VLOOKUP(Tabulka2[[#This Row],[Pracovník]],DATA!A:L,5,0),"") -> 6536 | F26: N | I26: =IFERROR(VLOOKUP(Tabulka2[[#This Row],[Pracovník]],DATA!A:L,11,0),"") -> BATZ 2
A27: =IFERROR(IF(Tabulka2[[#This Row],[Datum]]=0,"!!! Vyplň DATUM !!!",IF(AND(Tabulka2[[#This Row],[Datum]]>0,Tabulka2[[#This Row],[Firma]]=0),"!!! Vyplň FIRMU !!!",IF(AND(Tabulka2[[#This Row],[Datum]]>0,Tabulka2[[#This Row],[Firma]]>0,Tabulka2[[#This Row],[Pracovník]]=0),"!!! Vyplň PRACOVNÍKA !!!",IF(AND(Tabulka2[[#This Row],[Datum]]>0,Tabulka2[[#This Row],[Firma]]>0,Tabulka2[[#This Row],[Pracovník]]>0,Tabulka2[[#This Row],[Přítomnost / Směna]]=0),"!!! Vyplň SMĚNU !!!","")))),"") | B27: 45924 | C27: BATZ | D27: Kuklińska Malgorzata | E27: =IFERROR(VLOOKUP(Tabulka2[[#This Row],[Pracovník]],DATA!A:L,5,0),"") -> 4748 | F27: A | G27: Nemoc | I27: =IFERROR(VLOOKUP(Tabulka2[[#This Row],[Pracovník]],DATA!A:L,11,0),"") -> BATZ 1
A28: =IFERROR(IF(Tabulka2[[#This Row],[Datum]]=0,"!!! Vyplň DATUM !!!",IF(AND(Tabulka2[[#This Row],[Datum]]>0,Tabulka2[[#This Row],[Firma]]=0),"!!! Vyplň FIRMU !!!",IF(AND(Tabulka2[[#This Row],[Datum]]>0,Tabulka2[[#This Row],[Firma]]>0,Tabulka2[[#This Row],[Pracovník]]=0),"!!! Vyplň PRACOVNÍKA !!!",IF(AND(Tabulka2[[#This Row],[Datum]]>0,Tabulka2[[#This Row],[Firma]]>0,Tabulka2[[#This Row],[Pracovník]]>0,Tabulka2[[#This Row],[Přítomnost / Směna]]=0),"!!! Vyplň SMĚNU !!!","")))),"") | B28: 45924 | C28: BATZ | D28: Machnik Weronika | E28: =IFERROR(VLOOKUP(Tabulka2[[#This Row],[Pracovník]],DATA!A:L,5,0),"") -> 6077 | F28: A | G28: Nemoc | I28: =IFERROR(VLOOKUP(Tabulka2[[#This Row],[Pracovník]],DATA!A:L,11,0),"") -> BATZ 2 | K28: ukončení k 30.9.2025
A29: =IFERROR(IF(Tabulka2[[#This Row],[Datum]]=0,"!!! Vyplň DATUM !!!",IF(AND(Tabulka2[[#This Row],[Datum]]>0,Tabulka2[[#This Row],[Firma]]=0),"!!! Vyplň FIRMU !!!",IF(AND(Tabulka2[[#This Row],[Datum]]>0,Tabulka2[[#This Row],[Firma]]>0,Tabulka2[[#This Row],[Pracovník]]=0),"!!! Vyplň PRACOVNÍKA !!!",IF(AND(Tabulka2[[#This Row],[Datum]]>0,Tabulka2[[#This Row],[Firma]]>0,Tabulka2[[#This Row],[Pracovník]]>0,Tabulka2[[#This Row],[Přítomnost / Směna]]=0),"!!! Vyplň SMĚNU !!!","")))),"") | B29: 45924 | C29: BATZ | D29: Marczak Joanna | E29: =IFERROR(VLOOKUP(Tabulka2[[#This Row],[Pracovník]],DATA!A:L,5,0),"") -> 6574 | F29: N | I29: =IFERROR(VLOOKUP(Tabulka2[[#This Row],[Pracovník]],DATA!A:L,11,0),"") -> BATZ 1
A30: =IFERROR(IF(Tabulka2[[#This Row],[Datum]]=0,"!!! Vyplň DATUM !!!",IF(AND(Tabulka2[[#This Row],[Datum]]>0,Tabulka2[[#This Row],[Firma]]=0),"!!! Vyplň FIRMU !!!",IF(AND(Tabulka2[[#This Row],[Datum]]>0,Tabulka2[[#This Row],[Firma]]>0,Tabulka2[[#This Row],[Pracovník]]=0),"!!! Vyplň PRACOVNÍKA !!!",IF(AND(Tabulka2[[#This Row],[Datum]]>0,Tabulka2[[#This Row],[Firma]]>0,Tabulka2[[#This Row],[Pracovník]]>0,Tabulka2[[#This Row],[Přítomnost / Směna]]=0),"!!! Vyplň SMĚNU !!!","")))),"") | B30: 45924 | C30: BATZ | D30: Marczak Maria Katarzyna | E30: =IFERROR(VLOOKUP(Tabulka2[[#This Row],[Pracovník]],DATA!A:L,5,0),"") -> 4720 | F30: R | I30: =IFERROR(VLOOKUP(Tabulka2[[#This Row],[Pracovník]],DATA!A:L,11,0),"") -> BATZ 2
A31: =IFERROR(IF(Tabulka2[[#This Row],[Datum]]=0,"!!! Vyplň DATUM !!!",IF(AND(Tabulka2[[#This Row],[Datum]]>0,Tabulka2[[#This Row],[Firma]]=0),"!!! Vyplň FIRMU !!!",IF(AND(Tabulka2[[#This Row],[Datum]]>0,Tabulka2[[#This Row],[Firma]]>0,Tabulka2[[#This Row],[Pracovník]]=0),"!!! Vyplň PRACOVNÍKA !!!",IF(AND(Tabulka2[[#This Row],[Datum]]>0,Tabulka2[[#This Row],[Firma]]>0,Tabulka2[[#This Row],[Pracovník]]>0,Tabulka2[[#This Row],[Přítomnost / Směna]]=0),"!!! Vyplň SMĚNU !!!","")))),"") | B31: 45924 | C31: BATZ | D31: Marekwica Adrian | E31: =IFERROR(VLOOKUP(Tabulka2[[#This Row],[Pracovník]],DATA!A:L,5,0),"") -> 6409 | F31: R | I31: =IFERROR(VLOOKUP(Tabulka2[[#This Row],[Pracovník]],DATA!A:L,11,0),"") -> Vlastní auto
A32: =IFERROR(IF(Tabulka2[[#This Row],[Datum]]=0,"!!! Vyplň DATUM !!!",IF(AND(Tabulka2[[#This Row],[Datum]]>0,Tabulka2[[#This Row],[Firma]]=0),"!!! Vyplň FIRMU !!!",IF(AND(Tabulka2[[#This Row],[Datum]]>0,Tabulka2[[#This Row],[Firma]]>0,Tabulka2[[#This Row],[Pracovník]]=0),"!!! Vyplň PRACOVNÍKA !!!",IF(AND(Tabulka2[[#This Row],[Datum]]>0,Tabulka2[[#This Row],[Firma]]>0,Tabulka2[[#This Row],[Pracovník]]>0,Tabulka2[[#This Row],[Přítomnost / Směna]]=0),"!!! Vyplň SMĚNU !!!","")))),"") | B32: 45924 | C32: BATZ | D32: Matusiak Orfeusz Marek | E32: =IFERROR(VLOOKUP(Tabulka2[[#This Row],[Pracovník]],DATA!A:L,5,0),"") -> 3396 | F32: N | I32: =IFERROR(VLOOKUP(Tabulka2[[#This Row],[Pracovník]],DATA!A:L,11,0),"") -> BATZ 1
A33: =IFERROR(IF(Tabulka2[[#This Row],[Datum]]=0,"!!! Vyplň DATUM !!!",IF(AND(Tabulka2[[#This Row],[Datum]]>0,Tabulka2[[#This Row],[Firma]]=0),"!!! Vyplň FIRMU !!!",IF(AND(Tabulka2[[#This Row],[Datum]]>0,Tabulka2[[#This Row],[Firma]]>0,Tabulka2[[#This Row],[Pracovník]]=0),"!!! Vyplň PRACOVNÍKA !!!",IF(AND(Tabulka2[[#This Row],[Datum]]>0,Tabulka2[[#This Row],[Firma]]>0,Tabulka2[[#This Row],[Pracovník]]>0,Tabulka2[[#This Row],[Přítomnost / Směna]]=0),"!!! Vyplň SMĚNU !!!","")))),"") | B33: 45924 | C33: BATZ | D33: Meyer Beata | E33: =IFERROR(VLOOKUP(Tabulka2[[#This Row],[Pracovník]],DATA!A:L,5,0),"") -> 6376 | F33: N | I33: =IFERROR(VLOOKUP(Tabulka2[[#This Row],[Pracovník]],DATA!A:L,11,0),"") -> BATZ 2
A34: =IFERROR(IF(Tabulka2[[#This Row],[Datum]]=0,"!!! Vyplň DATUM !!!",IF(AND(Tabulka2[[#This Row],[Datum]]>0,Tabulka2[[#This Row],[Firma]]=0),"!!! Vyplň FIRMU !!!",IF(AND(Tabulka2[[#This Row],[Datum]]>0,Tabulka2[[#This Row],[Firma]]>0,Tabulka2[[#This Row],[Pracovník]]=0),"!!! Vyplň PRACOVNÍKA !!!",IF(AND(Tabulka2[[#This Row],[Datum]]>0,Tabulka2[[#This Row],[Firma]]>0,Tabulka2[[#This Row],[Pracovník]]>0,Tabulka2[[#This Row],[Přítomnost / Směna]]=0),"!!! Vyplň SMĚNU !!!","")))),"") | B34: 45924 | C34: BATZ | D34: Michalec Regina | E34: =IFERROR(VLOOKUP(Tabulka2[[#This Row],[Pracovník]],DATA!A:L,5,0),"") -> 5014 | F34: N | I34: =IFERROR(VLOOKUP(Tabulka2[[#This Row],[Pracovník]],DATA!A:L,11,0),"") -> BATZ 2
A35: =IFERROR(IF(Tabulka2[[#This Row],[Datum]]=0,"!!! Vyplň DATUM !!!",IF(AND(Tabulka2[[#This Row],[Datum]]>0,Tabulka2[[#This Row],[Firma]]=0),"!!! Vyplň FIRMU !!!",IF(AND(Tabulka2[[#This Row],[Datum]]>0,Tabulka2[[#This Row],[Firma]]>0,Tabulka2[[#This Row],[Pracovník]]=0),"!!! Vyplň PRACOVNÍKA !!!",IF(AND(Tabulka2[[#This Row],[Datum]]>0,Tabulka2[[#This Row],[Firma]]>0,Tabulka2[[#This Row],[Pracovník]]>0,Tabulka2[[#This Row],[Přítomnost / Směna]]=0),"!!! Vyplň SMĚNU !!!","")))),"") | B35: 45924 | C35: BATZ | D35: Mottlová Markéta | E35: =IFERROR(VLOOKUP(Tabulka2[[#This Row],[Pracovník]],DATA!A:L,5,0),"") -> 3369 | F35: R | I35: =IFERROR(VLOOKUP(Tabulka2[[#This Row],[Pracovník]],DATA!A:L,11,0),"") -> BATZ 1
A36: =IFERROR(IF(Tabulka2[[#This Row],[Datum]]=0,"!!! Vyplň DATUM !!!",IF(AND(Tabulka2[[#This Row],[Datum]]>0,Tabulka2[[#This Row],[Firma]]=0),"!!! Vyplň FIRMU !!!",IF(AND(Tabulka2[[#This Row],[Datum]]>0,Tabulka2[[#This Row],[Firma]]>0,Tabulka2[[#This Row],[Pracovník]]=0),"!!! Vyplň PRACOVNÍKA !!!",IF(AND(Tabulka2[[#This Row],[Datum]]>0,Tabulka2[[#This Row],[Firma]]>0,Tabulka2[[#This Row],[Pracovník]]>0,Tabulka2[[#This Row],[Přítomnost / Směna]]=0),"!!! Vyplň SMĚNU !!!","")))),"") | B36: 45924 | C36: BATZ | D36: Nowak Martyna | E36: =IFERROR(VLOOKUP(Tabulka2[[#This Row],[Pracovník]],DATA!A:L,5,0),"") -> 6576 | F36: R | I36: =IFERROR(VLOOKUP(Tabulka2[[#This Row],[Pracovník]],DATA!A:L,11,0),"") -> BATZ 1
A37: =IFERROR(IF(Tabulka2[[#This Row],[Datum]]=0,"!!! Vyplň DATUM !!!",IF(AND(Tabulka2[[#This Row],[Datum]]>0,Tabulka2[[#This Row],[Firma]]=0),"!!! Vyplň FIRMU !!!",IF(AND(Tabulka2[[#This Row],[Datum]]>0,Tabulka2[[#This Row],[Firma]]>0,Tabulka2[[#This Row],[Pracovník]]=0),"!!! Vyplň PRACOVNÍKA !!!",IF(AND(Tabulka2[[#This Row],[Datum]]>0,Tabulka2[[#This Row],[Firma]]>0,Tabulka2[[#This Row],[Pracovník]]>0,Tabulka2[[#This Row],[Přítomnost / Směna]]=0),"!!! Vyplň SMĚNU !!!","")))),"") | B37: 45924 | C37: BATZ | D37: Opyd Marzena | E37: =IFERROR(VLOOKUP(Tabulka2[[#This Row],[Pracovník]],DATA!A:L,5,0),"") -> 6352 | F37: O | I37: =IFERROR(VLOOKUP(Tabulka2[[#This Row],[Pracovník]],DATA!A:L,11,0),"") -> BATZ 1
A38: =IFERROR(IF(Tabulka2[[#This Row],[Datum]]=0,"!!! Vyplň DATUM !!!",IF(AND(Tabulka2[[#This Row],[Datum]]>0,Tabulka2[[#This Row],[Firma]]=0),"!!! Vyplň FIRMU !!!",IF(AND(Tabulka2[[#This Row],[Datum]]>0,Tabulka2[[#This Row],[Firma]]>0,Tabulka2[[#This Row],[Pracovník]]=0),"!!! Vyplň PRACOVNÍKA !!!",IF(AND(Tabulka2[[#This Row],[Datum]]>0,Tabulka2[[#This Row],[Firma]]>0,Tabulka2[[#This Row],[Pracovník]]>0,Tabulka2[[#This Row],[Přítomnost / Směna]]=0),"!!! Vyplň SMĚNU !!!","")))),"") | B38: 45924 | C38: BATZ | D38: Ostafin Andrzej Zbigniew | E38: =IFERROR(VLOOKUP(Tabulka2[[#This Row],[Pracovník]],DATA!A:L,5,0),"") -> 5009 | F38: R | I38: =IFERROR(VLOOKUP(Tabulka2[[#This Row],[Pracovník]],DATA!A:L,11,0),"") -> BATZ 1
A39: =IFERROR(IF(Tabulka2[[#This Row],[Datum]]=0,"!!! Vyplň DATUM !!!",IF(AND(Tabulka2[[#This Row],[Datum]]>0,Tabulka2[[#This Row],[Firma]]=0),"!!! Vyplň FIRMU !!!",IF(AND(Tabulka2[[#This Row],[Datum]]>0,Tabulka2[[#This Row],[Firma]]>0,Tabulka2[[#This Row],[Pracovník]]=0),"!!! Vyplň PRACOVNÍKA !!!",IF(AND(Tabulka2[[#This Row],[Datum]]>0,Tabulka2[[#This Row],[Firma]]>0,Tabulka2[[#This Row],[Pracovník]]>0,Tabulka2[[#This Row],[Přítomnost / Směna]]=0),"!!! Vyplň SMĚNU !!!","")))),"") | B39: 45924 | C39: BATZ | D39: Ostafin Hanna | E39: =IFERROR(VLOOKUP(Tabulka2[[#This Row],[Pracovník]],DATA!A:L,5,0),"") -> 6251 | F39: A | G39: Nemoc | I39: =IFERROR(VLOOKUP(Tabulka2[[#This Row],[Pracovník]],DATA!A:L,11,0),"") -> BATZ 1
A40: =IFERROR(IF(Tabulka2[[#This Row],[Datum]]=0,"!!! Vyplň DATUM !!!",IF(AND(Tabulka2[[#This Row],[Datum]]>0,Tabulka2[[#This Row],[Firma]]=0),"!!! Vyplň FIRMU !!!",IF(AND(Tabulka2[[#This Row],[Datum]]>0,Tabulka2[[#This Row],[Firma]]>0,Tabulka2[[#This Row],[Pracovník]]=0),"!!! Vyplň PRACOVNÍKA !!!",IF(AND(Tabulka2[[#This Row],[Datum]]>0,Tabulka2[[#This Row],[Firma]]>0,Tabulka2[[#This Row],[Pracovník]]>0,Tabulka2[[#This Row],[Přítomnost / Směna]]=0),"!!! Vyplň SMĚNU !!!","")))),"") | B40: 45924 | C40: BATZ | D40: Ostafin Klaudia | E40: =IFERROR(VLOOKUP(Tabulka2[[#This Row],[Pracovník]],DATA!A:L,5,0),"") -> 6507 | F40: R | I40: =IFERROR(VLOOKUP(Tabulka2[[#This Row],[Pracovník]],DATA!A:L,11,0),"") -> BATZ 1
A41: =IFERROR(IF(Tabulka2[[#This Row],[Datum]]=0,"!!! Vyplň DATUM !!!",IF(AND(Tabulka2[[#This Row],[Datum]]>0,Tabulka2[[#This Row],[Firma]]=0),"!!! Vyplň FIRMU !!!",IF(AND(Tabulka2[[#This Row],[Datum]]>0,Tabulka2[[#This Row],[Firma]]>0,Tabulka2[[#This Row],[Pracovník]]=0),"!!! Vyplň PRACOVNÍKA !!!",IF(AND(Tabulka2[[#This Row],[Datum]]>0,Tabulka2[[#This Row],[Firma]]>0,Tabulka2[[#This Row],[Pracovník]]>0,Tabulka2[[#This Row],[Přítomnost / Směna]]=0),"!!! Vyplň SMĚNU !!!","")))),"") | B41: 45924 | C41: BATZ | D41: Paduch Andrzej | E41: =IFERROR(VLOOKUP(Tabulka2[[#This Row],[Pracovník]],DATA!A:L,5,0),"") -> 6346 | F41: R | I41: =IFERROR(VLOOKUP(Tabulka2[[#This Row],[Pracovník]],DATA!A:L,11,0),"") -> BATZ 1
A42: =IFERROR(IF(Tabulka2[[#This Row],[Datum]]=0,"!!! Vyplň DATUM !!!",IF(AND(Tabulka2[[#This Row],[Datum]]>0,Tabulka2[[#This Row],[Firma]]=0),"!!! Vyplň FIRMU !!!",IF(AND(Tabulka2[[#This Row],[Datum]]>0,Tabulka2[[#This Row],[Firma]]>0,Tabulka2[[#This Row],[Pracovník]]=0),"!!! Vyplň PRACOVNÍKA !!!",IF(AND(Tabulka2[[#This Row],[Datum]]>0,Tabulka2[[#This Row],[Firma]]>0,Tabulka2[[#This Row],[Pracovník]]>0,Tabulka2[[#This Row],[Přítomnost / Směna]]=0),"!!! Vyplň SMĚNU !!!","")))),"") | B42: 45924 | C42: BATZ | D42: Pajor Jolanta Wanda | E42: =IFERROR(VLOOKUP(Tabulka2[[#This Row],[Pracovník]],DATA!A:L,5,0),"") -> 4972 | F42: R | I42: =IFERROR(VLOOKUP(Tabulka2[[#This Row],[Pracovník]],DATA!A:L,11,0),"") -> BATZ 2
A43: =IFERROR(IF(Tabulka2[[#This Row],[Datum]]=0,"!!! Vyplň DATUM !!!",IF(AND(Tabulka2[[#This Row],[Datum]]>0,Tabulka2[[#This Row],[Firma]]=0),"!!! Vyplň FIRMU !!!",IF(AND(Tabulka2[[#This Row],[Datum]]>0,Tabulka2[[#This Row],[Firma]]>0,Tabulka2[[#This Row],[Pracovník]]=0),"!!! Vyplň PRACOVNÍKA !!!",IF(AND(Tabulka2[[#This Row],[Datum]]>0,Tabulka2[[#This Row],[Firma]]>0,Tabulka2[[#This Row],[Pracovník]]>0,Tabulka2[[#This Row],[Přítomnost / Směna]]=0),"!!! Vyplň SMĚNU !!!","")))),"") | B43: 45924 | C43: BATZ | D43: Piechaczek Agnieszka | E43: =IFERROR(VLOOKUP(Tabulka2[[#This Row],[Pracovník]],DATA!A:L,5,0),"") -> 2230 | F43: R | I43: =IFERROR(VLOOKUP(Tabulka2[[#This Row],[Pracovník]],DATA!A:L,11,0),"") -> BATZ 1
A44: =IFERROR(IF(Tabulka2[[#This Row],[Datum]]=0,"!!! Vyplň DATUM !!!",IF(AND(Tabulka2[[#This Row],[Datum]]>0,Tabulka2[[#This Row],[Firma]]=0),"!!! Vyplň FIRMU !!!",IF(AND(Tabulka2[[#This Row],[Datum]]>0,Tabulka2[[#This Row],[Firma]]>0,Tabulka2[[#This Row],[Pracovník]]=0),"!!! Vyplň PRACOVNÍKA !!!",IF(AND(Tabulka2[[#This Row],[Datum]]>0,Tabulka2[[#This Row],[Firma]]>0,Tabulka2[[#This Row],[Pracovník]]>0,Tabulka2[[#This Row],[Přítomnost / Směna]]=0),"!!! Vyplň SMĚNU !!!","")))),"") | B44: 45924 | C44: BATZ | D44: Rak Barbara Irena | E44: =IFERROR(VLOOKUP(Tabulka2[[#This Row],[Pracovník]],DATA!A:L,5,0),"") -> 5310 | F44: O | I44: =IFERROR(VLOOKUP(Tabulka2[[#This Row],[Pracovník]],DATA!A:L,11,0),"") -> BATZ 1
A45: =IFERROR(IF(Tabulka2[[#This Row],[Datum]]=0,"!!! Vyplň DATUM !!!",IF(AND(Tabulka2[[#This Row],[Datum]]>0,Tabulka2[[#This Row],[Firma]]=0),"!!! Vyplň FIRMU !!!",IF(AND(Tabulka2[[#This Row],[Datum]]>0,Tabulka2[[#This Row],[Firma]]>0,Tabulka2[[#This Row],[Pracovník]]=0),"!!! Vyplň PRACOVNÍKA !!!",IF(AND(Tabulka2[[#This Row],[Datum]]>0,Tabulka2[[#This Row],[Firma]]>0,Tabulka2[[#This Row],[Pracovník]]>0,Tabulka2[[#This Row],[Přítomnost / Směna]]=0),"!!! Vyplň SMĚNU !!!","")))),"") | B45: 45924 | C45: BATZ | D45: Rak Julia | E45: =IFERROR(VLOOKUP(Tabulka2[[#This Row],[Pracovník]],DATA!A:L,5,0),"") -> 5948 | F45: A | G45: Nemoc | I45: =IFERROR(VLOOKUP(Tabulka2[[#This Row],[Pracovník]],DATA!A:L,11,0),"") -> BATZ 1
A46: =IFERROR(IF(Tabulka2[[#This Row],[Datum]]=0,"!!! Vyplň DATUM !!!",IF(AND(Tabulka2[[#This Row],[Datum]]>0,Tabulka2[[#This Row],[Firma]]=0),"!!! Vyplň FIRMU !!!",IF(AND(Tabulka2[[#This Row],[Datum]]>0,Tabulka2[[#This Row],[Firma]]>0,Tabulka2[[#This Row],[Pracovník]]=0),"!!! Vyplň PRACOVNÍKA !!!",IF(AND(Tabulka2[[#This Row],[Datum]]>0,Tabulka2[[#This Row],[Firma]]>0,Tabulka2[[#This Row],[Pracovník]]>0,Tabulka2[[#This Row],[Přítomnost / Směna]]=0),"!!! Vyplň SMĚNU !!!","")))),"") | B46: 45924 | C46: BATZ | D46: Salamon Krzysztof | E46: =IFERROR(VLOOKUP(Tabulka2[[#This Row],[Pracovník]],DATA!A:L,5,0),"") -> 6549 | F46: O | I46: =IFERROR(VLOOKUP(Tabulka2[[#This Row],[Pracovník]],DATA!A:L,11,0),"") -> BATZ 1
A47: =IFERROR(IF(Tabulka2[[#This Row],[Datum]]=0,"!!! Vyplň DATUM !!!",IF(AND(Tabulka2[[#This Row],[Datum]]>0,Tabulka2[[#This Row],[Firma]]=0),"!!! Vyplň FIRMU !!!",IF(AND(Tabulka2[[#This Row],[Datum]]>0,Tabulka2[[#This Row],[Firma]]>0,Tabulka2[[#This Row],[Pracovník]]=0),"!!! Vyplň PRACOVNÍKA !!!",IF(AND(Tabulka2[[#This Row],[Datum]]>0,Tabulka2[[#This Row],[Firma]]>0,Tabulka2[[#This Row],[Pracovník]]>0,Tabulka2[[#This Row],[Přítomnost / Směna]]=0),"!!! Vyplň SMĚNU !!!","")))),"") | B47: 45924 | C47: BATZ | D47: Sienkowski Andrzej | E47: =IFERROR(VLOOKUP(Tabulka2[[#This Row],[Pracovník]],DATA!A:L,5,0),"") -> 6538 | F47: R | I47: =IFERROR(VLOOKUP(Tabulka2[[#This Row],[Pracovník]],DATA!A:L,11,0),"") -> BATZ 1
A48: =IFERROR(IF(Tabulka2[[#This Row],[Datum]]=0,"!!! Vyplň DATUM !!!",IF(AND(Tabulka2[[#This Row],[Datum]]>0,Tabulka2[[#This Row],[Firma]]=0),"!!! Vyplň FIRMU !!!",IF(AND(Tabulka2[[#This Row],[Datum]]>0,Tabulka2[[#This Row],[Firma]]>0,Tabulka2[[#This Row],[Pracovník]]=0),"!!! Vyplň PRACOVNÍKA !!!",IF(AND(Tabulka2[[#This Row],[Datum]]>0,Tabulka2[[#This Row],[Firma]]>0,Tabulka2[[#This Row],[Pracovník]]>0,Tabulka2[[#This Row],[Přítomnost / Směna]]=0),"!!! Vyplň SMĚNU !!!","")))),"") | B48: 45924 | C48: BATZ | D48: Sikora Karina | E48: =IFERROR(VLOOKUP(Tabulka2[[#This Row],[Pracovník]],DATA!A:L,5,0),"") -> 5715 | F48: N | I48: =IFERROR(VLOOKUP(Tabulka2[[#This Row],[Pracovník]],DATA!A:L,11,0),"") -> BATZ 1
A49: =IFERROR(IF(Tabulka2[[#This Row],[Datum]]=0,"!!! Vyplň DATUM !!!",IF(AND(Tabulka2[[#This Row],[Datum]]>0,Tabulka2[[#This Row],[Firma]]=0),"!!! Vyplň FIRMU !!!",IF(AND(Tabulka2[[#This Row],[Datum]]>0,Tabulka2[[#This Row],[Firma]]>0,Tabulka2[[#This Row],[Pracovník]]=0),"!!! Vyplň PRACOVNÍKA !!!",IF(AND(Tabulka2[[#This Row],[Datum]]>0,Tabulka2[[#This Row],[Firma]]>0,Tabulka2[[#This Row],[Pracovník]]>0,Tabulka2[[#This Row],[Přítomnost / Směna]]=0),"!!! Vyplň SMĚNU !!!","")))),"") | B49: 45924 | C49: BATZ | D49: Sikora Teresa Michalina | E49: =IFERROR(VLOOKUP(Tabulka2[[#This Row],[Pracovník]],DATA!A:L,5,0),"") -> 4514 | F49: N | I49: =IFERROR(VLOOKUP(Tabulka2[[#This Row],[Pracovník]],DATA!A:L,11,0),"") -> BATZ 1
A50: =IFERROR(IF(Tabulka2[[#This Row],[Datum]]=0,"!!! Vyplň DATUM !!!",IF(AND(Tabulka2[[#This Row],[Datum]]>0,Tabulka2[[#This Row],[Firma]]=0),"!!! Vyplň FIRMU !!!",IF(AND(Tabulka2[[#This Row],[Datum]]>0,Tabulka2[[#This Row],[Firma]]>0,Tabulka2[[#This Row],[Pracovník]]=0),"!!! Vyplň PRACOVNÍKA !!!",IF(AND(Tabulka2[[#This Row],[Datum]]>0,Tabulka2[[#This Row],[Firma]]>0,Tabulka2[[#This Row],[Pracovník]]>0,Tabulka2[[#This Row],[Přítomnost / Směna]]=0),"!!! Vyplň SMĚNU !!!","")))),"") | B50: 45924 | C50: BATZ | D50: Skolarus Sebastian | E50: =IFERROR(VLOOKUP(Tabulka2[[#This Row],[Pracovník]],DATA!A:L,5,0),"") -> 5176 | F50: O | I50: =IFERROR(VLOOKUP(Tabulka2[[#This Row],[Pracovník]],DATA!A:L,11,0),"") -> BATZ 1
A51: =IFERROR(IF(Tabulka2[[#This Row],[Datum]]=0,"!!! Vyplň DATUM !!!",IF(AND(Tabulka2[[#This Row],[Datum]]>0,Tabulka2[[#This Row],[Firma]]=0),"!!! Vyplň FIRMU !!!",IF(AND(Tabulka2[[#This Row],[Datum]]>0,Tabulka2[[#This Row],[Firma]]>0,Tabulka2[[#This Row],[Pracovník]]=0),"!!! Vyplň PRACOVNÍKA !!!",IF(AND(Tabulka2[[#This Row],[Datum]]>0,Tabulka2[[#This Row],[Firma]]>0,Tabulka2[[#This Row],[Pracovník]]>0,Tabulka2[[#This Row],[Přítomnost / Směna]]=0),"!!! Vyplň SMĚNU !!!","")))),"") | B51: 45924 | C51: BATZ | D51: Smietana Mirela Barbara | E51: =IFERROR(VLOOKUP(Tabulka2[[#This Row],[Pracovník]],DATA!A:L,5,0),"") -> 4163 | F51: N | I51: =IFERROR(VLOOKUP(Tabulka2[[#This Row],[Pracovník]],DATA!A:L,11,0),"") -> BATZ 1
A52: =IFERROR(IF(Tabulka2[[#This Row],[Datum]]=0,"!!! Vyplň DATUM !!!",IF(AND(Tabulka2[[#This Row],[Datum]]>0,Tabulka2[[#This Row],[Firma]]=0),"!!! Vyplň FIRMU !!!",IF(AND(Tabulka2[[#This Row],[Datum]]>0,Tabulka2[[#This Row],[Firma]]>0,Tabulka2[[#This Row],[Pracovník]]=0),"!!! Vyplň PRACOVNÍKA !!!",IF(AND(Tabulka2[[#This Row],[Datum]]>0,Tabulka2[[#This Row],[Firma]]>0,Tabulka2[[#This Row],[Pracovník]]>0,Tabulka2[[#This Row],[Přítomnost / Směna]]=0),"!!! Vyplň SMĚNU !!!","")))),"") | B52: 45924 | C52: BATZ | D52: Sowa (Krzenek) Ryszarda | E52: =IFERROR(VLOOKUP(Tabulka2[[#This Row],[Pracovník]],DATA!A:L,5,0),"") -> 3920 | F52: R | I52: =IFERROR(VLOOKUP(Tabulka2[[#This Row],[Pracovník]],DATA!A:L,11,0),"") -> BATZ 2
A53: =IFERROR(IF(Tabulka2[[#This Row],[Datum]]=0,"!!! Vyplň DATUM !!!",IF(AND(Tabulka2[[#This Row],[Datum]]>0,Tabulka2[[#This Row],[Firma]]=0),"!!! Vyplň FIRMU !!!",IF(AND(Tabulka2[[#This Row],[Datum]]>0,Tabulka2[[#This Row],[Firma]]>0,Tabulka2[[#This Row],[Pracovník]]=0),"!!! Vyplň PRACOVNÍKA !!!",IF(AND(Tabulka2[[#This Row],[Datum]]>0,Tabulka2[[#This Row],[Firma]]>0,Tabulka2[[#This Row],[Pracovník]]>0,Tabulka2[[#This Row],[Přítomnost / Směna]]=0),"!!! Vyplň SMĚNU !!!","")))),"") | B53: 45924 | C53: BATZ | D53: Starzyczny Joanna | E53: =IFERROR(VLOOKUP(Tabulka2[[#This Row],[Pracovník]],DATA!A:L,5,0),"") -> 3257 | F53: R | I53: =IFERROR(VLOOKUP(Tabulka2[[#This Row],[Pracovník]],DATA!A:L,11,0),"") -> BATZ 1
A54: =IFERROR(IF(Tabulka2[[#This Row],[Datum]]=0,"!!! Vyplň DATUM !!!",IF(AND(Tabulka2[[#This Row],[Datum]]>0,Tabulka2[[#This Row],[Firma]]=0),"!!! Vyplň FIRMU !!!",IF(AND(Tabulka2[[#This Row],[Datum]]>0,Tabulka2[[#This Row],[Firma]]>0,Tabulka2[[#This Row],[Pracovník]]=0),"!!! Vyplň PRACOVNÍKA !!!",IF(AND(Tabulka2[[#This Row],[Datum]]>0,Tabulka2[[#This Row],[Firma]]>0,Tabulka2[[#This Row],[Pracovník]]>0,Tabulka2[[#This Row],[Přítomnost / Směna]]=0),"!!! Vyplň SMĚNU !!!","")))),"") | B54: 45924 | C54: BATZ | D54: Stawowski Patryk Tomasz | E54: =IFERROR(VLOOKUP(Tabulka2[[#This Row],[Pracovník]],DATA!A:L,5,0),"") -> 3394 | F54: N | I54: =IFERROR(VLOOKUP(Tabulka2[[#This Row],[Pracovník]],DATA!A:L,11,0),"") -> BATZ 1
A55: =IFERROR(IF(Tabulka2[[#This Row],[Datum]]=0,"!!! Vyplň DATUM !!!",IF(AND(Tabulka2[[#This Row],[Datum]]>0,Tabulka2[[#This Row],[Firma]]=0),"!!! Vyplň FIRMU !!!",IF(AND(Tabulka2[[#This Row],[Datum]]>0,Tabulka2[[#This Row],[Firma]]>0,Tabulka2[[#This Row],[Pracovník]]=0),"!!! Vyplň PRACOVNÍKA !!!",IF(AND(Tabulka2[[#This Row],[Datum]]>0,Tabulka2[[#This Row],[Firma]]>0,Tabulka2[[#This Row],[Pracovník]]>0,Tabulka2[[#This Row],[Přítomnost / Směna]]=0),"!!! Vyplň SMĚNU !!!","")))),"") | B55: 45924 | C55: BATZ | D55: Stryjska Beata Malgorzata | E55: =IFERROR(VLOOKUP(Tabulka2[[#This Row],[Pracovník]],DATA!A:L,5,0),"") -> 4828 | F55: O | I55: =IFERROR(VLOOKUP(Tabulka2[[#This Row],[Pracovník]],DATA!A:L,11,0),"") -> BATZ 2
A56: =IFERROR(IF(Tabulka2[[#This Row],[Datum]]=0,"!!! Vyplň DATUM !!!",IF(AND(Tabulka2[[#This Row],[Datum]]>0,Tabulka2[[#This Row],[Firma]]=0),"!!! Vyplň FIRMU !!!",IF(AND(Tabulka2[[#This Row],[Datum]]>0,Tabulka2[[#This Row],[Firma]]>0,Tabulka2[[#This Row],[Pracovník]]=0),"!!! Vyplň PRACOVNÍKA !!!",IF(AND(Tabulka2[[#This Row],[Datum]]>0,Tabulka2[[#This Row],[Firma]]>0,Tabulka2[[#This Row],[Pracovník]]>0,Tabulka2[[#This Row],[Přítomnost / Směna]]=0),"!!! Vyplň SMĚNU !!!","")))),"") | B56: 45924 | C56: BATZ | D56: Suchy Anna Katarzyna | E56: =IFERROR(VLOOKUP(Tabulka2[[#This Row],[Pracovník]],DATA!A:L,5,0),"") -> 4155 | F56: O | I56: =IFERROR(VLOOKUP(Tabulka2[[#This Row],[Pracovník]],DATA!A:L,11,0),"") -> BATZ 1
A57: =IFERROR(IF(Tabulka2[[#This Row],[Datum]]=0,"!!! Vyplň DATUM !!!",IF(AND(Tabulka2[[#This Row],[Datum]]>0,Tabulka2[[#This Row],[Firma]]=0),"!!! Vyplň FIRMU !!!",IF(AND(Tabulka2[[#This Row],[Datum]]>0,Tabulka2[[#This Row],[Firma]]>0,Tabulka2[[#This Row],[Pracovník]]=0),"!!! Vyplň PRACOVNÍKA !!!",IF(AND(Tabulka2[[#This Row],[Datum]]>0,Tabulka2[[#This Row],[Firma]]>0,Tabulka2[[#This Row],[Pracovník]]>0,Tabulka2[[#This Row],[Přítomnost / Směna]]=0),"!!! Vyplň SMĚNU !!!","")))),"") | B57: 45924 | C57: BATZ | D57: Surosz Zaneta | E57: =IFERROR(VLOOKUP(Tabulka2[[#This Row],[Pracovník]],DATA!A:L,5,0),"") -> 0 | F57: R | I57: =IFERROR(VLOOKUP(Tabulka2[[#This Row],[Pracovník]],DATA!A:L,11,0),"") -> BATZ 1
... A70: =IFERROR(IF(Tabulka2[[#This Row],[Datum]]=0,"!!! Vyplň DATUM !!!",IF(AND(Tabulka2[[#This Row],[Datum]]>0,Tabulka2[[#This Row],[Firma]]=0),"!!! Vyplň FIRMU !!!",IF(AND(Tabulka2[[#This Row],[Datum]]>0,Tabulka2[[#This Row],[Firma]]>0,Tabulka2[[#This Row],[Pracovník]]=0),"!!! Vyplň PRACOVNÍKA !!!",IF(AND(Tabulka2[[#This Row],[Datum]]>0,Tabulka2[[#This Row],[Firma]]>0,Tabulka2[[#This Row],[Pracovník]]>0,Tabulka2[[#This Row],[Přítomnost / Směna]]=0),"!!! Vyplň SMĚNU !!!","")))),"") | B70: 45924 | C70: BATZ | D70: Šoštá Ivana | E70: =IFERROR(VLOOKUP(Tabulka2[[#This Row],[Pracovník]],DATA!A:L,5,0),"") -> 0 | F70: N | I70: =IFERROR(VLOOKUP(Tabulka2[[#This Row],[Pracovník]],DATA!A:L,11,0),"") -> BATZ 1
A71: =IFERROR(IF(Tabulka2[[#This Row],[Datum]]=0,"!!! Vyplň DATUM !!!",IF(AND(Tabulka2[[#This Row],[Datum]]>0,Tabulka2[[#This Row],[Firma]]=0),"!!! Vyplň FIRMU !!!",IF(AND(Tabulka2[[#This Row],[Datum]]>0,Tabulka2[[#This Row],[Firma]]>0,Tabulka2[[#This Row],[Pracovník]]=0),"!!! Vyplň PRACOVNÍKA !!!",IF(AND(Tabulka2[[#This Row],[Datum]]>0,Tabulka2[[#This Row],[Firma]]>0,Tabulka2[[#This Row],[Pracovník]]>0,Tabulka2[[#This Row],[Přítomnost / Směna]]=0),"!!! Vyplň SMĚNU !!!","")))),"") | B71: 45924 | C71: THERMA | D71: Siekierski Filip | E71: =IFERROR(VLOOKUP(Tabulka2[[#This Row],[Pracovník]],DATA!A:L,5,0),"") -> 6394 | F71: A | G71: Neomluvená | I71: =IFERROR(VLOOKUP(Tabulka2[[#This Row],[Pracovník]],DATA!A:L,11,0),"") -> BATZ 1 | K71: Z Thermy se dovídám až později zda měl dovolenou nebo si to naddělá
A72: =IFERROR(IF(Tabulka2[[#This Row],[Datum]]=0,"!!! Vyplň DATUM !!!",IF(AND(Tabulka2[[#This Row],[Datum]]>0,Tabulka2[[#This Row],[Firma]]=0),"!!! Vyplň FIRMU !!!",IF(AND(Tabulka2[[#This Row],[Datum]]>0,Tabulka2[[#This Row],[Firma]]>0,Tabulka2[[#This Row],[Pracovník]]=0),"!!! Vyplň PRACOVNÍKA !!!",IF(AND(Tabulka2[[#This Row],[Datum]]>0,Tabulka2[[#This Row],[Firma]]>0,Tabulka2[[#This Row],[Pracovník]]>0,Tabulka2[[#This Row],[Přítomnost / Směna]]=0),"!!! Vyplň SMĚNU !!!","")))),"") | B72: 45924 | C72: THERMA | D72: Gordienko Adam | E72: =IFERROR(VLOOKUP(Tabulka2[[#This Row],[Pracovník]],DATA!A:L,5,0),"") -> 5110 | F72: O | I72: =IFERROR(VLOOKUP(Tabulka2[[#This Row],[Pracovník]],DATA!A:L,11,0),"") -> BATZ 2
A73: =IFERROR(IF(Tabulka2[[#This Row],[Datum]]=0,"!!! Vyplň DATUM !!!",IF(AND(Tabulka2[[#This Row],[Datum]]>0,Tabulka2[[#This Row],[Firma]]=0),"!!! Vyplň FIRMU !!!",IF(AND(Tabulka2[[#This Row],[Datum]]>0,Tabulka2[[#This Row],[Firma]]>0,Tabulka2[[#This Row],[Pracovník]]=0),"!!! Vyplň PRACOVNÍKA !!!",IF(AND(Tabulka2[[#This Row],[Datum]]>0,Tabulka2[[#This Row],[Firma]]>0,Tabulka2[[#This Row],[Pracovník]]>0,Tabulka2[[#This Row],[Přítomnost / Směna]]=0),"!!! Vyplň SMĚNU !!!","")))),"") | B73: 45924 | C73: THERMA | D73: Belica Bartosz | E73: =IFERROR(VLOOKUP(Tabulka2[[#This Row],[Pracovník]],DATA!A:L,5,0),"") -> 6474 | F73: R | I73: =IFERROR(VLOOKUP(Tabulka2[[#This Row],[Pracovník]],DATA!A:L,11,0),"") -> BATZ 1
A74: =IFERROR(IF(Tabulka2[[#This Row],[Datum]]=0,"!!! Vyplň DATUM !!!",IF(AND(Tabulka2[[#This Row],[Datum]]>0,Tabulka2[[#This Row],[Firma]]=0),"!!! Vyplň FIRMU !!!",IF(AND(Tabulka2[[#This Row],[Datum]]>0,Tabulka2[[#This Row],[Firma]]>0,Tabulka2[[#This Row],[Pracovník]]=0),"!!! Vyplň PRACOVNÍKA !!!",IF(AND(Tabulka2[[#This Row],[Datum]]>0,Tabulka2[[#This Row],[Firma]]>0,Tabulka2[[#This Row],[Pracovník]]>0,Tabulka2[[#This Row],[Přítomnost / Směna]]=0),"!!! Vyplň SMĚNU !!!","")))),"") | B74: 45924 | C74: THERMA | D74: Gorka Dawid | E74: =IFERROR(VLOOKUP(Tabulka2[[#This Row],[Pracovník]],DATA!A:L,5,0),"") -> 6473 | F74: O | I74: =IFERROR(VLOOKUP(Tabulka2[[#This Row],[Pracovník]],DATA!A:L,11,0),"") -> BATZ 1
A75: =IFERROR(IF(Tabulka2[[#This Row],[Datum]]=0,"!!! Vyplň DATUM !!!",IF(AND(Tabulka2[[#This Row],[Datum]]>0,Tabulka2[[#This Row],[Firma]]=0),"!!! Vyplň FIRMU !!!",IF(AND(Tabulka2[[#This Row],[Datum]]>0,Tabulka2[[#This Row],[Firma]]>0,Tabulka2[[#This Row],[Pracovník]]=0),"!!! Vyplň PRACOVNÍKA !!!",IF(AND(Tabulka2[[#This Row],[Datum]]>0,Tabulka2[[#This Row],[Firma]]>0,Tabulka2[[#This Row],[Pracovník]]>0,Tabulka2[[#This Row],[Přítomnost / Směna]]=0),"!!! Vyplň SMĚNU !!!","")))),"") | B75: 45924 | C75: DONGHEE | D75: Bilicer Natalia | E75: =IFERROR(VLOOKUP(Tabulka2[[#This Row],[Pracovník]],DATA!A:L,5,0),"") -> 6259 | F75: O | I75: =IFERROR(VLOOKUP(Tabulka2[[#This Row],[Pracovník]],DATA!A:L,11,0),"") -> Vlastní auto
A76: =IFERROR(IF(Tabulka2[[#This Row],[Datum]]=0,"!!! Vyplň DATUM !!!",IF(AND(Tabulka2[[#This Row],[Datum]]>0,Tabulka2[[#This Row],[Firma]]=0),"!!! Vyplň FIRMU !!!",IF(AND(Tabulka2[[#This Row],[Datum]]>0,Tabulka2[[#This Row],[Firma]]>0,Tabulka2[[#This Row],[Pracovník]]=0),"!!! Vyplň PRACOVNÍKA !!!",IF(AND(Tabulka2[[#This Row],[Datum]]>0,Tabulka2[[#This Row],[Firma]]>0,Tabulka2[[#This Row],[Pracovník]]>0,Tabulka2[[#This Row],[Přítomnost / Směna]]=0),"!!! Vyplň SMĚNU !!!","")))),"") | B76: 45924 | C76: DONGHEE | D76: Brachman Piotr Leszek | E76: =IFERROR(VLOOKUP(Tabulka2[[#This Row],[Pracovník]],DATA!A:L,5,0),"") -> 3951 | F76: R | I76: =IFERROR(VLOOKUP(Tabulka2[[#This Row],[Pracovník]],DATA!A:L,11,0),"") -> Vlastní auto
A77: =IFERROR(IF(Tabulka2[[#This Row],[Datum]]=0,"!!! Vyplň DATUM !!!",IF(AND(Tabulka2[[#This Row],[Datum]]>0,Tabulka2[[#This Row],[Firma]]=0),"!!! Vyplň FIRMU !!!",IF(AND(Tabulka2[[#This Row],[Datum]]>0,Tabulka2[[#This Row],[Firma]]>0,Tabulka2[[#This Row],[Pracovník]]=0),"!!! Vyplň PRACOVNÍKA !!!",IF(AND(Tabulka2[[#This Row],[Datum]]>0,Tabulka2[[#This Row],[Firma]]>0,Tabulka2[[#This Row],[Pracovník]]>0,Tabulka2[[#This Row],[Přítomnost / Směna]]=0),"!!! Vyplň SMĚNU !!!","")))),"") | B77: 45924 | C77: DONGHEE | D77: Ciesielska Malgorzata | E77: =IFERROR(VLOOKUP(Tabulka2[[#This Row],[Pracovník]],DATA!A:L,5,0),"") -> 6450 | F77: O | I77: =IFERROR(VLOOKUP(Tabulka2[[#This Row],[Pracovník]],DATA!A:L,11,0),"") -> DSC 2
A78: =IFERROR(IF(Tabulka2[[#This Row],[Datum]]=0,"!!! Vyplň DATUM !!!",IF(AND(Tabulka2[[#This Row],[Datum]]>0,Tabulka2[[#This Row],[Firma]]=0),"!!! Vyplň FIRMU !!!",IF(AND(Tabulka2[[#This Row],[Datum]]>0,Tabulka2[[#This Row],[Firma]]>0,Tabulka2[[#This Row],[Pracovník]]=0),"!!! Vyplň PRACOVNÍKA !!!",IF(AND(Tabulka2[[#This Row],[Datum]]>0,Tabulka2[[#This Row],[Firma]]>0,Tabulka2[[#This Row],[Pracovník]]>0,Tabulka2[[#This Row],[Přítomnost / Směna]]=0),"!!! Vyplň SMĚNU !!!","")))),"") | B78: 45924 | C78: DONGHEE | D78: Chrzanowska Danuta | E78: =IFERROR(VLOOKUP(Tabulka2[[#This Row],[Pracovník]],DATA!A:L,5,0),"") -> 6457 | F78: A | G78: Nemoc | I78: =IFERROR(VLOOKUP(Tabulka2[[#This Row],[Pracovník]],DATA!A:L,11,0),"") -> DSC 1
A79: =IFERROR(IF(Tabulka2[[#This Row],[Datum]]=0,"!!! Vyplň DATUM !!!",IF(AND(Tabulka2[[#This Row],[Datum]]>0,Tabulka2[[#This Row],[Firma]]=0),"!!! Vyplň FIRMU !!!",IF(AND(Tabulka2[[#This Row],[Datum]]>0,Tabulka2[[#This Row],[Firma]]>0,Tabulka2[[#This Row],[Pracovník]]=0),"!!! Vyplň PRACOVNÍKA !!!",IF(AND(Tabulka2[[#This Row],[Datum]]>0,Tabulka2[[#This Row],[Firma]]>0,Tabulka2[[#This Row],[Pracovník]]>0,Tabulka2[[#This Row],[Přítomnost / Směna]]=0),"!!! Vyplň SMĚNU !!!","")))),"") | B79: 45924 | C79: DONGHEE | D79: Duraj Mateusz Jan | E79: =IFERROR(VLOOKUP(Tabulka2[[#This Row],[Pracovník]],DATA!A:L,5,0),"") -> 5584 | F79: O | I79: =IFERROR(VLOOKUP(Tabulka2[[#This Row],[Pracovník]],DATA!A:L,11,0),"") -> Vlastní auto
A80: =IFERROR(IF(Tabulka2[[#This Row],[Datum]]=0,"!!! Vyplň DATUM !!!",IF(AND(Tabulka2[[#This Row],[Datum]]>0,Tabulka2[[#This Row],[Firma]]=0),"!!! Vyplň FIRMU !!!",IF(AND(Tabulka2[[#This Row],[Datum]]>0,Tabulka2[[#This Row],[Firma]]>0,Tabulka2[[#This Row],[Pracovník]]=0),"!!! Vyplň PRACOVNÍKA !!!",IF(AND(Tabulka2[[#This Row],[Datum]]>0,Tabulka2[[#This Row],[Firma]]>0,Tabulka2[[#This Row],[Pracovník]]>0,Tabulka2[[#This Row],[Přítomnost / Směna]]=0),"!!! Vyplň SMĚNU !!!","")))),"") | B80: 45924 | C80: DONGHEE | D80: Giedziun Monika | E80: =IFERROR(VLOOKUP(Tabulka2[[#This Row],[Pracovník]],DATA!A:L,5,0),"") -> 6418 | F80: O | I80: =IFERROR(VLOOKUP(Tabulka2[[#This Row],[Pracovník]],DATA!A:L,11,0),"") -> Vlastní auto
A81: =IFERROR(IF(Tabulka2[[#This Row],[Datum]]=0,"!!! Vyplň DATUM !!!",IF(AND(Tabulka2[[#This Row],[Datum]]>0,Tabulka2[[#This Row],[Firma]]=0),"!!! Vyplň FIRMU !!!",IF(AND(Tabulka2[[#This Row],[Datum]]>0,Tabulka2[[#This Row],[Firma]]>0,Tabulka2[[#This Row],[Pracovník]]=0),"!!! Vyplň PRACOVNÍKA !!!",IF(AND(Tabulka2[[#This Row],[Datum]]>0,Tabulka2[[#This Row],[Firma]]>0,Tabulka2[[#This Row],[Pracovník]]>0,Tabulka2[[#This Row],[Přítomnost / Směna]]=0),"!!! Vyplň SMĚNU !!!","")))),"") | B81: 45924 | C81: DONGHEE | D81: Grzywacz Zbigniew | E81: =IFERROR(VLOOKUP(Tabulka2[[#This Row],[Pracovník]],DATA!A:L,5,0),"") -> 6177 | F81: O | I81: =IFERROR(VLOOKUP(Tabulka2[[#This Row],[Pracovník]],DATA!A:L,11,0),"") -> DSC 1
A82: =IFERROR(IF(Tabulka2[[#This Row],[Datum]]=0,"!!! Vyplň DATUM !!!",IF(AND(Tabulka2[[#This Row],[Datum]]>0,Tabulka2[[#This Row],[Firma]]=0),"!!! Vyplň FIRMU !!!",IF(AND(Tabulka2[[#This Row],[Datum]]>0,Tabulka2[[#This Row],[Firma]]>0,Tabulka2[[#This Row],[Pracovník]]=0),"!!! Vyplň PRACOVNÍKA !!!",IF(AND(Tabulka2[[#This Row],[Datum]]>0,Tabulka2[[#This Row],[Firma]]>0,Tabulka2[[#This Row],[Pracovník]]>0,Tabulka2[[#This Row],[Přítomnost / Směna]]=0),"!!! Vyplň SMĚNU !!!","")))),"") | B82: 45924 | C82: DONGHEE | D82: Grzywacz Klaudia | E82: =IFERROR(VLOOKUP(Tabulka2[[#This Row],[Pracovník]],DATA!A:L,5,0),"") -> 6543 | F82: R | I82: =IFERROR(VLOOKUP(Tabulka2[[#This Row],[Pracovník]],DATA!A:L,11,0),"") -> DSC 1
A83: =IFERROR(IF(Tabulka2[[#This Row],[Datum]]=0,"!!! Vyplň DATUM !!!",IF(AND(Tabulka2[[#This Row],[Datum]]>0,Tabulka2[[#This Row],[Firma]]=0),"!!! Vyplň FIRMU !!!",IF(AND(Tabulka2[[#This Row],[Datum]]>0,Tabulka2[[#This Row],[Firma]]>0,Tabulka2[[#This Row],[Pracovník]]=0),"!!! Vyplň PRACOVNÍKA !!!",IF(AND(Tabulka2[[#This Row],[Datum]]>0,Tabulka2[[#This Row],[Firma]]>0,Tabulka2[[#This Row],[Pracovník]]>0,Tabulka2[[#This Row],[Přítomnost / Směna]]=0),"!!! Vyplň SMĚNU !!!","")))),"") | B83: 45924 | C83: DONGHEE | D83: Hak Joanna | E83: =IFERROR(VLOOKUP(Tabulka2[[#This Row],[Pracovník]],DATA!A:L,5,0),"") -> 6541 | F83: N | I83: =IFERROR(VLOOKUP(Tabulka2[[#This Row],[Pracovník]],DATA!A:L,11,0),"") -> DSC 2
A84: =IFERROR(IF(Tabulka2[[#This Row],[Datum]]=0,"!!! Vyplň DATUM !!!",IF(AND(Tabulka2[[#This Row],[Datum]]>0,Tabulka2[[#This Row],[Firma]]=0),"!!! Vyplň FIRMU !!!",IF(AND(Tabulka2[[#This Row],[Datum]]>0,Tabulka2[[#This Row],[Firma]]>0,Tabulka2[[#This Row],[Pracovník]]=0),"!!! Vyplň PRACOVNÍKA !!!",IF(AND(Tabulka2[[#This Row],[Datum]]>0,Tabulka2[[#This Row],[Firma]]>0,Tabulka2[[#This Row],[Pracovník]]>0,Tabulka2[[#This Row],[Přítomnost / Směna]]=0),"!!! Vyplň SMĚNU !!!","")))),"") | B84: 45924 | C84: DONGHEE | D84: Halama Pawel | E84: =IFERROR(VLOOKUP(Tabulka2[[#This Row],[Pracovník]],DATA!A:L,5,0),"") -> 6442 | F84: R | I84: =IFERROR(VLOOKUP(Tabulka2[[#This Row],[Pracovník]],DATA!A:L,11,0),"") -> DSC 2
A85: =IFERROR(IF(Tabulka2[[#This Row],[Datum]]=0,"!!! Vyplň DATUM !!!",IF(AND(Tabulka2[[#This Row],[Datum]]>0,Tabulka2[[#This Row],[Firma]]=0),"!!! Vyplň FIRMU !!!",IF(AND(Tabulka2[[#This Row],[Datum]]>0,Tabulka2[[#This Row],[Firma]]>0,Tabulka2[[#This Row],[Pracovník]]=0),"!!! Vyplň PRACOVNÍKA !!!",IF(AND(Tabulka2[[#This Row],[Datum]]>0,Tabulka2[[#This Row],[Firma]]>0,Tabulka2[[#This Row],[Pracovník]]>0,Tabulka2[[#This Row],[Přítomnost / Směna]]=0),"!!! Vyplň SMĚNU !!!","")))),"") | B85: 45924 | C85: DONGHEE | D85: Hernik Krzysztof | E85: =IFERROR(VLOOKUP(Tabulka2[[#This Row],[Pracovník]],DATA!A:L,5,0),"") -> 6143 | F85: O | I85: =IFERROR(VLOOKUP(Tabulka2[[#This Row],[Pracovník]],DATA!A:L,11,0),"") -> Vlastní auto
A86: =IFERROR(IF(Tabulka2[[#This Row],[Datum]]=0,"!!! Vyplň DATUM !!!",IF(AND(Tabulka2[[#This Row],[Datum]]>0,Tabulka2[[#This Row],[Firma]]=0),"!!! Vyplň FIRMU !!!",IF(AND(Tabulka2[[#This Row],[Datum]]>0,Tabulka2[[#This Row],[Firma]]>0,Tabulka2[[#This Row],[Pracovník]]=0),"!!! Vyplň PRACOVNÍKA !!!",IF(AND(Tabulka2[[#This Row],[Datum]]>0,Tabulka2[[#This Row],[Firma]]>0,Tabulka2[[#This Row],[Pracovník]]>0,Tabulka2[[#This Row],[Přítomnost / Směna]]=0),"!!! Vyplň SMĚNU !!!","")))),"") | B86: 45924 | C86: DONGHEE | D86: Iwanek Rafal | E86: =IFERROR(VLOOKUP(Tabulka2[[#This Row],[Pracovník]],DATA!A:L,5,0),"") -> 6260 | F86: O | I86: =IFERROR(VLOOKUP(Tabulka2[[#This Row],[Pracovník]],DATA!A:L,11,0),"") -> Vlastní auto
A87: =IFERROR(IF(Tabulka2[[#This Row],[Datum]]=0,"!!! Vyplň DATUM !!!",IF(AND(Tabulka2[[#This Row],[Datum]]>0,Tabulka2[[#This Row],[Firma]]=0),"!!! Vyplň FIRMU !!!",IF(AND(Tabulka2[[#This Row],[Datum]]>0,Tabulka2[[#This Row],[Firma]]>0,Tabulka2[[#This Row],[Pracovník]]=0),"!!! Vyplň PRACOVNÍKA !!!",IF(AND(Tabulka2[[#This Row],[Datum]]>0,Tabulka2[[#This Row],[Firma]]>0,Tabulka2[[#This Row],[Pracovník]]>0,Tabulka2[[#This Row],[Přítomnost / Směna]]=0),"!!! Vyplň SMĚNU !!!","")))),"") | B87: 45924 | C87: DONGHEE | D87: Hak Agnieszka | E87: =IFERROR(VLOOKUP(Tabulka2[[#This Row],[Pracovník]],DATA!A:L,5,0),"") -> 6542 | F87: R | I87: =IFERROR(VLOOKUP(Tabulka2[[#This Row],[Pracovník]],DATA!A:L,11,0),"") -> DSC 2
A88: =IFERROR(IF(Tabulka2[[#This Row],[Datum]]=0,"!!! Vyplň DATUM !!!",IF(AND(Tabulka2[[#This Row],[Datum]]>0,Tabulka2[[#This Row],[Firma]]=0),"!!! Vyplň FIRMU !!!",IF(AND(Tabulka2[[#This Row],[Datum]]>0,Tabulka2[[#This Row],[Firma]]>0,Tabulka2[[#This Row],[Pracovník]]=0),"!!! Vyplň PRACOVNÍKA !!!",IF(AND(Tabulka2[[#This Row],[Datum]]>0,Tabulka2[[#This Row],[Firma]]>0,Tabulka2[[#This Row],[Pracovník]]>0,Tabulka2[[#This Row],[Přítomnost / Směna]]=0),"!!! Vyplň SMĚNU !!!","")))),"") | B88: 45924 | C88: DONGHEE | D88: Jachym Sebastian | E88: =IFERROR(VLOOKUP(Tabulka2[[#This Row],[Pracovník]],DATA!A:L,5,0),"") -> 6525 | F88: N | I88: =IFERROR(VLOOKUP(Tabulka2[[#This Row],[Pracovník]],DATA!A:L,11,0),"") -> DSC 2
A89: =IFERROR(IF(Tabulka2[[#This Row],[Datum]]=0,"!!! Vyplň DATUM !!!",IF(AND(Tabulka2[[#This Row],[Datum]]>0,Tabulka2[[#This Row],[Firma]]=0),"!!! Vyplň FIRMU !!!",IF(AND(Tabulka2[[#This Row],[Datum]]>0,Tabulka2[[#This Row],[Firma]]>0,Tabulka2[[#This Row],[Pracovník]]=0),"!!! Vyplň PRACOVNÍKA !!!",IF(AND(Tabulka2[[#This Row],[Datum]]>0,Tabulka2[[#This Row],[Firma]]>0,Tabulka2[[#This Row],[Pracovník]]>0,Tabulka2[[#This Row],[Přítomnost / Směna]]=0),"!!! Vyplň SMĚNU !!!","")))),"") | B89: 45924 | C89: DONGHEE | D89: Kowalewski Marcin | E89: =IFERROR(VLOOKUP(Tabulka2[[#This Row],[Pracovník]],DATA!A:L,5,0),"") -> 6430 | F89: N | I89: =IFERROR(VLOOKUP(Tabulka2[[#This Row],[Pracovník]],DATA!A:L,11,0),"") -> Vlastní auto
A90: =IFERROR(IF(Tabulka2[[#This Row],[Datum]]=0,"!!! Vyplň DATUM !!!",IF(AND(Tabulka2[[#This Row],[Datum]]>0,Tabulka2[[#This Row],[Firma]]=0),"!!! Vyplň FIRMU !!!",IF(AND(Tabulka2[[#This Row],[Datum]]>0,Tabulka2[[#This Row],[Firma]]>0,Tabulka2[[#This Row],[Pracovník]]=0),"!!! Vyplň PRACOVNÍKA !!!",IF(AND(Tabulka2[[#This Row],[Datum]]>0,Tabulka2[[#This Row],[Firma]]>0,Tabulka2[[#This Row],[Pracovník]]>0,Tabulka2[[#This Row],[Přítomnost / Směna]]=0),"!!! Vyplň SMĚNU !!!","")))),"") | B90: 45924 | C90: DONGHEE | D90: Kowalski Damian | E90: =IFERROR(VLOOKUP(Tabulka2[[#This Row],[Pracovník]],DATA!A:L,5,0),"") -> 6454 | F90: N | I90: =IFERROR(VLOOKUP(Tabulka2[[#This Row],[Pracovník]],DATA!A:L,11,0),"") -> DSC 1
... A93: =IFERROR(IF(Tabulka2[[#This Row],[Datum]]=0,"!!! Vyplň DATUM !!!",IF(AND(Tabulka2[[#This Row],[Datum]]>0,Tabulka2[[#This Row],[Firma]]=0),"!!! Vyplň FIRMU !!!",IF(AND(Tabulka2[[#This Row],[Datum]]>0,Tabulka2[[#This Row],[Firma]]>0,Tabulka2[[#This Row],[Pracovník]]=0),"!!! Vyplň PRACOVNÍKA !!!",IF(AND(Tabulka2[[#This Row],[Datum]]>0,Tabulka2[[#This Row],[Firma]]>0,Tabulka2[[#This Row],[Pracovník]]>0,Tabulka2[[#This Row],[Přítomnost / Směna]]=0),"!!! Vyplň SMĚNU !!!","")))),"") | B93: 45924 | C93: DONGHEE | D93: Małczak Krzysztof | E93: =IFERROR(VLOOKUP(Tabulka2[[#This Row],[Pracovník]],DATA!A:L,5,0),"") -> 6431 | F93: R | I93: =IFERROR(VLOOKUP(Tabulka2[[#This Row],[Pracovník]],DATA!A:L,11,0),"") -> DSC 1
A94: =IFERROR(IF(Tabulka2[[#This Row],[Datum]]=0,"!!! Vyplň DATUM !!!",IF(AND(Tabulka2[[#This Row],[Datum]]>0,Tabulka2[[#This Row],[Firma]]=0),"!!! Vyplň FIRMU !!!",IF(AND(Tabulka2[[#This Row],[Datum]]>0,Tabulka2[[#This Row],[Firma]]>0,Tabulka2[[#This Row],[Pracovník]]=0),"!!! Vyplň PRACOVNÍKA !!!",IF(AND(Tabulka2[[#This Row],[Datum]]>0,Tabulka2[[#This Row],[Firma]]>0,Tabulka2[[#This Row],[Pracovník]]>0,Tabulka2[[#This Row],[Přítomnost / Směna]]=0),"!!! Vyplň SMĚNU !!!","")))),"") | B94: 45924 | C94: DONGHEE | D94: Małka Artur | E94: =IFERROR(VLOOKUP(Tabulka2[[#This Row],[Pracovník]],DATA!A:L,5,0),"") -> 6119 | F94: A | G94: Nemoc | I94: =IFERROR(VLOOKUP(Tabulka2[[#This Row],[Pracovník]],DATA!A:L,11,0),"") -> DSC 1
A95: =IFERROR(IF(Tabulka2[[#This Row],[Datum]]=0,"!!! Vyplň DATUM !!!",IF(AND(Tabulka2[[#This Row],[Datum]]>0,Tabulka2[[#This Row],[Firma]]=0),"!!! Vyplň FIRMU !!!",IF(AND(Tabulka2[[#This Row],[Datum]]>0,Tabulka2[[#This Row],[Firma]]>0,Tabulka2[[#This Row],[Pracovník]]=0),"!!! Vyplň PRACOVNÍKA !!!",IF(AND(Tabulka2[[#This Row],[Datum]]>0,Tabulka2[[#This Row],[Firma]]>0,Tabulka2[[#This Row],[Pracovník]]>0,Tabulka2[[#This Row],[Přítomnost / Směna]]=0),"!!! Vyplň SMĚNU !!!","")))),"") | B95: 45924 | C95: DONGHEE | D95: Mielczarek Patrycjusz | E95: =IFERROR(VLOOKUP(Tabulka2[[#This Row],[Pracovník]],DATA!A:L,5,0),"") -> 6559 | F95: O | I95: =IFERROR(VLOOKUP(Tabulka2[[#This Row],[Pracovník]],DATA!A:L,11,0),"") -> DSC 1
A96: =IFERROR(IF(Tabulka2[[#This Row],[Datum]]=0,"!!! Vyplň DATUM !!!",IF(AND(Tabulka2[[#This Row],[Datum]]>0,Tabulka2[[#This Row],[Firma]]=0),"!!! Vyplň FIRMU !!!",IF(AND(Tabulka2[[#This Row],[Datum]]>0,Tabulka2[[#This Row],[Firma]]>0,Tabulka2[[#This Row],[Pracovník]]=0),"!!! Vyplň PRACOVNÍKA !!!",IF(AND(Tabulka2[[#This Row],[Datum]]>0,Tabulka2[[#This Row],[Firma]]>0,Tabulka2[[#This Row],[Pracovník]]>0,Tabulka2[[#This Row],[Přítomnost / Směna]]=0),"!!! Vyplň SMĚNU !!!","")))),"") | B96: 45924 | C96: DONGHEE | D96: Murawski Kamil | E96: =IFERROR(VLOOKUP(Tabulka2[[#This Row],[Pracovník]],DATA!A:L,5,0),"") -> 6496 | F96: R | I96: =IFERROR(VLOOKUP(Tabulka2[[#This Row],[Pracovník]],DATA!A:L,11,0),"") -> DSC 2
A97: =IFERROR(IF(Tabulka2[[#This Row],[Datum]]=0,"!!! Vyplň DATUM !!!",IF(AND(Tabulka2[[#This Row],[Datum]]>0,Tabulka2[[#This Row],[Firma]]=0),"!!! Vyplň FIRMU !!!",IF(AND(Tabulka2[[#This Row],[Datum]]>0,Tabulka2[[#This Row],[Firma]]>0,Tabulka2[[#This Row],[Pracovník]]=0),"!!! Vyplň PRACOVNÍKA !!!",IF(AND(Tabulka2[[#This Row],[Datum]]>0,Tabulka2[[#This Row],[Firma]]>0,Tabulka2[[#This Row],[Pracovník]]>0,Tabulka2[[#This Row],[Přítomnost / Směna]]=0),"!!! Vyplň SMĚNU !!!","")))),"") | B97: 45924 | C97: DONGHEE | D97: Milek Michal Jerzy | E97: =IFERROR(VLOOKUP(Tabulka2[[#This Row],[Pracovník]],DATA!A:L,5,0),"") -> 4392 | F97: R | I97: =IFERROR(VLOOKUP(Tabulka2[[#This Row],[Pracovník]],DATA!A:L,11,0),"") -> DSC 1
A98: =IFERROR(IF(Tabulka2[[#This Row],[Datum]]=0,"!!! Vyplň DATUM !!!",IF(AND(Tabulka2[[#This Row],[Datum]]>0,Tabulka2[[#This Row],[Firma]]=0),"!!! Vyplň FIRMU !!!",IF(AND(Tabulka2[[#This Row],[Datum]]>0,Tabulka2[[#This Row],[Firma]]>0,Tabulka2[[#This Row],[Pracovník]]=0),"!!! Vyplň PRACOVNÍKA !!!",IF(AND(Tabulka2[[#This Row],[Datum]]>0,Tabulka2[[#This Row],[Firma]]>0,Tabulka2[[#This Row],[Pracovník]]>0,Tabulka2[[#This Row],[Přítomnost / Směna]]=0),"!!! Vyplň SMĚNU !!!","")))),"") | B98: 45924 | C98: DONGHEE | D98: Niewiadomski Michal | E98: =IFERROR(VLOOKUP(Tabulka2[[#This Row],[Pracovník]],DATA!A:L,5,0),"") -> 6514 | F98: O | I98: =IFERROR(VLOOKUP(Tabulka2[[#This Row],[Pracovník]],DATA!A:L,11,0),"") -> DSC 2
A99: =IFERROR(IF(Tabulka2[[#This Row],[Datum]]=0,"!!! Vyplň DATUM !!!",IF(AND(Tabulka2[[#This Row],[Datum]]>0,Tabulka2[[#This Row],[Firma]]=0),"!!! Vyplň FIRMU !!!",IF(AND(Tabulka2[[#This Row],[Datum]]>0,Tabulka2[[#This Row],[Firma]]>0,Tabulka2[[#This Row],[Pracovník]]=0),"!!! Vyplň PRACOVNÍKA !!!",IF(AND(Tabulka2[[#This Row],[Datum]]>0,Tabulka2[[#This Row],[Firma]]>0,Tabulka2[[#This Row],[Pracovník]]>0,Tabulka2[[#This Row],[Přítomnost / Směna]]=0),"!!! Vyplň SMĚNU !!!","")))),"") | B99: 45924 | C99: DONGHEE | D99: Nowakowska Magdalena | E99: =IFERROR(VLOOKUP(Tabulka2[[#This Row],[Pracovník]],DATA!A:L,5,0),"") -> 6516 | F99: R | I99: =IFERROR(VLOOKUP(Tabulka2[[#This Row],[Pracovník]],DATA!A:L,11,0),"") -> DSC 1
A100: =IFERROR(IF(Tabulka2[[#This Row],[Datum]]=0,"!!! Vyplň DATUM !!!",IF(AND(Tabulka2[[#This Row],[Datum]]>0,Tabulka2[[#This Row],[Firma]]=0),"!!! Vyplň FIRMU !!!",IF(AND(Tabulka2[[#This Row],[Datum]]>0,Tabulka2[[#This Row],[Firma]]>0,Tabulka2[[#This Row],[Pracovník]]=0),"!!! Vyplň PRACOVNÍKA !!!",IF(AND(Tabulka2[[#This Row],[Datum]]>0,Tabulka2[[#This Row],[Firma]]>0,Tabulka2[[#This Row],[Pracovník]]>0,Tabulka2[[#This Row],[Přítomnost / Směna]]=0),"!!! Vyplň SMĚNU !!!","")))),"") | B100: 45924 | C100: DONGHEE | D100: Palička Jiří | E100: =IFERROR(VLOOKUP(Tabulka2[[#This Row],[Pracovník]],DATA!A:L,5,0),"") -> 0 | F100: R | I100: =IFERROR(VLOOKUP(Tabulka2[[#This Row],[Pracovník]],DATA!A:L,11,0),"") -> Vlastní auto
A101: =IFERROR(IF(Tabulka2[[#This Row],[Datum]]=0,"!!! Vyplň DATUM !!!",IF(AND(Tabulka2[[#This Row],[Datum]]>0,Tabulka2[[#This Row],[Firma]]=0),"!!! Vyplň FIRMU !!!",IF(AND(Tabulka2[[#This Row],[Datum]]>0,Tabulka2[[#This Row],[Firma]]>0,Tabulka2[[#This Row],[Pracovník]]=0),"!!! Vyplň PRACOVNÍKA !!!",IF(AND(Tabulka2[[#This Row],[Datum]]>0,Tabulka2[[#This Row],[Firma]]>0,Tabulka2[[#This Row],[Pracovník]]>0,Tabulka2[[#This Row],[Přítomnost / Směna]]=0),"!!! Vyplň SMĚNU !!!","")))),"") | B101: 45924 | C101: DONGHEE | D101: Paluch Joanna | E101: =IFERROR(VLOOKUP(Tabulka2[[#This Row],[Pracovník]],DATA!A:L,5,0),"") -> 6449 | F101: R | I101: =IFERROR(VLOOKUP(Tabulka2[[#This Row],[Pracovník]],DATA!A:L,11,0),"") -> DSC 2
A102: =IFERROR(IF(Tabulka2[[#This Row],[Datum]]=0,"!!! Vyplň DATUM !!!",IF(AND(Tabulka2[[#This Row],[Datum]]>0,Tabulka2[[#This Row],[Firma]]=0),"!!! Vyplň FIRMU !!!",IF(AND(Tabulka2[[#This Row],[Datum]]>0,Tabulka2[[#This Row],[Firma]]>0,Tabulka2[[#This Row],[Pracovník]]=0),"!!! Vyplň PRACOVNÍKA !!!",IF(AND(Tabulka2[[#This Row],[Datum]]>0,Tabulka2[[#This Row],[Firma]]>0,Tabulka2[[#This Row],[Pracovník]]>0,Tabulka2[[#This Row],[Přítomnost / Směna]]=0),"!!! Vyplň SMĚNU !!!","")))),"") | B102: 45924 | C102: DONGHEE | D102: Pawlak Marcin | E102: =IFERROR(VLOOKUP(Tabulka2[[#This Row],[Pracovník]],DATA!A:L,5,0),"") -> 6158 | F102: R | I102: =IFERROR(VLOOKUP(Tabulka2[[#This Row],[Pracovník]],DATA!A:L,11,0),"") -> DSC 2
A103: =IFERROR(IF(Tabulka2[[#This Row],[Datum]]=0,"!!! Vyplň DATUM !!!",IF(AND(Tabulka2[[#This Row],[Datum]]>0,Tabulka2[[#This Row],[Firma]]=0),"!!! Vyplň FIRMU !!!",IF(AND(Tabulka2[[#This Row],[Datum]]>0,Tabulka2[[#This Row],[Firma]]>0,Tabulka2[[#This Row],[Pracovník]]=0),"!!! Vyplň PRACOVNÍKA !!!",IF(AND(Tabulka2[[#This Row],[Datum]]>0,Tabulka2[[#This Row],[Firma]]>0,Tabulka2[[#This Row],[Pracovník]]>0,Tabulka2[[#This Row],[Přítomnost / Směna]]=0),"!!! Vyplň SMĚNU !!!","")))),"") | B103: 45924 | C103: DONGHEE | D103: Placzek Michal | E103: =IFERROR(VLOOKUP(Tabulka2[[#This Row],[Pracovník]],DATA!A:L,5,0),"") -> 6232 | F103: O | I103: =IFERROR(VLOOKUP(Tabulka2[[#This Row],[Pracovník]],DATA!A:L,11,0),"") -> DSC 2
A104: =IFERROR(IF(Tabulka2[[#This Row],[Datum]]=0,"!!! Vyplň DATUM !!!",IF(AND(Tabulka2[[#This Row],[Datum]]>0,Tabulka2[[#This Row],[Firma]]=0),"!!! Vyplň FIRMU !!!",IF(AND(Tabulka2[[#This Row],[Datum]]>0,Tabulka2[[#This Row],[Firma]]>0,Tabulka2[[#This Row],[Pracovník]]=0),"!!! Vyplň PRACOVNÍKA !!!",IF(AND(Tabulka2[[#This Row],[Datum]]>0,Tabulka2[[#This Row],[Firma]]>0,Tabulka2[[#This Row],[Pracovník]]>0,Tabulka2[[#This Row],[Přítomnost / Směna]]=0),"!!! Vyplň SMĚNU !!!","")))),"") | B104: 45924 | C104: DONGHEE | D104: Poloczek Jadwiga Barbara | E104: =IFERROR(VLOOKUP(Tabulka2[[#This Row],[Pracovník]],DATA!A:L,5,0),"") -> 3063 | F104: O | I104: =IFERROR(VLOOKUP(Tabulka2[[#This Row],[Pracovník]],DATA!A:L,11,0),"") -> DSC 2
A105: =IFERROR(IF(Tabulka2[[#This Row],[Datum]]=0,"!!! Vyplň DATUM !!!",IF(AND(Tabulka2[[#This Row],[Datum]]>0,Tabulka2[[#This Row],[Firma]]=0),"!!! Vyplň FIRMU !!!",IF(AND(Tabulka2[[#This Row],[Datum]]>0,Tabulka2[[#This Row],[Firma]]>0,Tabulka2[[#This Row],[Pracovník]]=0),"!!! Vyplň PRACOVNÍKA !!!",IF(AND(Tabulka2[[#This Row],[Datum]]>0,Tabulka2[[#This Row],[Firma]]>0,Tabulka2[[#This Row],[Pracovník]]>0,Tabulka2[[#This Row],[Přítomnost / Směna]]=0),"!!! Vyplň SMĚNU !!!","")))),"") | B105: 45924 | C105: DONGHEE | D105: Poloczek Sebastian | E105: =IFERROR(VLOOKUP(Tabulka2[[#This Row],[Pracovník]],DATA!A:L,5,0),"") -> 5853 | F105: R | I105: =IFERROR(VLOOKUP(Tabulka2[[#This Row],[Pracovník]],DATA!A:L,11,0),"") -> DSC 2
A106: =IFERROR(IF(Tabulka2[[#This Row],[Datum]]=0,"!!! Vyplň DATUM !!!",IF(AND(Tabulka2[[#This Row],[Datum]]>0,Tabulka2[[#This Row],[Firma]]=0),"!!! Vyplň FIRMU !!!",IF(AND(Tabulka2[[#This Row],[Datum]]>0,Tabulka2[[#This Row],[Firma]]>0,Tabulka2[[#This Row],[Pracovník]]=0),"!!! Vyplň PRACOVNÍKA !!!",IF(AND(Tabulka2[[#This Row],[Datum]]>0,Tabulka2[[#This Row],[Firma]]>0,Tabulka2[[#This Row],[Pracovník]]>0,Tabulka2[[#This Row],[Přítomnost / Směna]]=0),"!!! Vyplň SMĚNU !!!","")))),"") | B106: 45924 | C106: DONGHEE | D106: Rak Sławomir | E106: =IFERROR(VLOOKUP(Tabulka2[[#This Row],[Pracovník]],DATA!A:L,5,0),"") -> 6408 | F106: N | I106: =IFERROR(VLOOKUP(Tabulka2[[#This Row],[Pracovník]],DATA!A:L,11,0),"") -> Vlastní auto
... A111: =IFERROR(IF(Tabulka2[[#This Row],[Datum]]=0,"!!! Vyplň DATUM !!!",IF(AND(Tabulka2[[#This Row],[Datum]]>0,Tabulka2[[#This Row],[Firma]]=0),"!!! Vyplň FIRMU !!!",IF(AND(Tabulka2[[#This Row],[Datum]]>0,Tabulka2[[#This Row],[Firma]]>0,Tabulka2[[#This Row],[Pracovník]]=0),"!!! Vyplň PRACOVNÍKA !!!",IF(AND(Tabulka2[[#This Row],[Datum]]>0,Tabulka2[[#This Row],[Firma]]>0,Tabulka2[[#This Row],[Pracovník]]>0,Tabulka2[[#This Row],[Přítomnost / Směna]]=0),"!!! Vyplň SMĚNU !!!","")))),"") | B111: 45924 | C111: DONGHEE | D111: Wawrzyczek Arkadiusz | E111: =IFERROR(VLOOKUP(Tabulka2[[#This Row],[Pracovník]],DATA!A:L,5,0),"") -> 0 | F111: N | I111: =IFERROR(VLOOKUP(Tabulka2[[#This Row],[Pracovník]],DATA!A:L,11,0),"") -> DSC 2
A112: =IFERROR(IF(Tabulka2[[#This Row],[Datum]]=0,"!!! Vyplň DATUM !!!",IF(AND(Tabulka2[[#This Row],[Datum]]>0,Tabulka2[[#This Row],[Firma]]=0),"!!! Vyplň FIRMU !!!",IF(AND(Tabulka2[[#This Row],[Datum]]>0,Tabulka2[[#This Row],[Firma]]>0,Tabulka2[[#This Row],[Pracovník]]=0),"!!! Vyplň PRACOVNÍKA !!!",IF(AND(Tabulka2[[#This Row],[Datum]]>0,Tabulka2[[#This Row],[Firma]]>0,Tabulka2[[#This Row],[Pracovník]]>0,Tabulka2[[#This Row],[Přítomnost / Směna]]=0),"!!! Vyplň SMĚNU !!!","")))),"") | B112: 45924 | C112: DONGHEE | D112: Wysluch-Brzezek Anna | E112: =IFERROR(VLOOKUP(Tabulka2[[#This Row],[Pracovník]],DATA!A:L,5,0),"") -> 6175 | F112: A | G112: Nemoc | I112: =IFERROR(VLOOKUP(Tabulka2[[#This Row],[Pracovník]],DATA!A:L,11,0),"") -> DSC 2
A113: =IFERROR(IF(Tabulka2[[#This Row],[Datum]]=0,"!!! Vyplň DATUM !!!",IF(AND(Tabulka2[[#This Row],[Datum]]>0,Tabulka2[[#This Row],[Firma]]=0),"!!! Vyplň FIRMU !!!",IF(AND(Tabulka2[[#This Row],[Datum]]>0,Tabulka2[[#This Row],[Firma]]>0,Tabulka2[[#This Row],[Pracovník]]=0),"!!! Vyplň PRACOVNÍKA !!!",IF(AND(Tabulka2[[#This Row],[Datum]]>0,Tabulka2[[#This Row],[Firma]]>0,Tabulka2[[#This Row],[Pracovník]]>0,Tabulka2[[#This Row],[Přítomnost / Směna]]=0),"!!! Vyplň SMĚNU !!!","")))),"") | B113: 45924 | C113: DONGHEE | D113: Zajac Tomasz | E113: =IFERROR(VLOOKUP(Tabulka2[[#This Row],[Pracovník]],DATA!A:L,5,0),"") -> 6152 | F113: N | I113: =IFERROR(VLOOKUP(Tabulka2[[#This Row],[Pracovník]],DATA!A:L,11,0),"") -> DSC 2
A114: =IFERROR(IF(Tabulka2[[#This Row],[Datum]]=0,"!!! Vyplň DATUM !!!",IF(AND(Tabulka2[[#This Row],[Datum]]>0,Tabulka2[[#This Row],[Firma]]=0),"!!! Vyplň FIRMU !!!",IF(AND(Tabulka2[[#This Row],[Datum]]>0,Tabulka2[[#This Row],[Firma]]>0,Tabulka2[[#This Row],[Pracovník]]=0),"!!! Vyplň PRACOVNÍKA !!!",IF(AND(Tabulka2[[#This Row],[Datum]]>0,Tabulka2[[#This Row],[Firma]]>0,Tabulka2[[#This Row],[Pracovník]]>0,Tabulka2[[#This Row],[Přítomnost / Směna]]=0),"!!! Vyplň SMĚNU !!!","")))),"") | B114: 45924 | C114: DONGHEE | D114: Zymelka Krzysztof | E114: =IFERROR(VLOOKUP(Tabulka2[[#This Row],[Pracovník]],DATA!A:L,5,0),"") -> 6558 | F114: R | I114: =IFERROR(VLOOKUP(Tabulka2[[#This Row],[Pracovník]],DATA!A:L,11,0),"") -> DSC 1
A115: =IFERROR(IF(Tabulka2[[#This Row],[Datum]]=0,"!!! Vyplň DATUM !!!",IF(AND(Tabulka2[[#This Row],[Datum]]>0,Tabulka2[[#This Row],[Firma]]=0),"!!! Vyplň FIRMU !!!",IF(AND(Tabulka2[[#This Row],[Datum]]>0,Tabulka2[[#This Row],[Firma]]>0,Tabulka2[[#This Row],[Pracovník]]=0),"!!! Vyplň PRACOVNÍKA !!!",IF(AND(Tabulka2[[#This Row],[Datum]]>0,Tabulka2[[#This Row],[Firma]]>0,Tabulka2[[#This Row],[Pracovník]]>0,Tabulka2[[#This Row],[Přítomnost / Směna]]=0),"!!! Vyplň SMĚNU !!!","")))),"") | B115: 45924 | C115: DONGHEE | D115: Perlik Przemyslaw | E115: =IFERROR(VLOOKUP(Tabulka2[[#This Row],[Pracovník]],DATA!A:L,5,0),"") -> 0 | F115: A | G115: Nemoc | I115: =IFERROR(VLOOKUP(Tabulka2[[#This Row],[Pracovník]],DATA!A:L,11,0),"") -> Vlastní auto
A116: =IFERROR(IF(Tabulka2[[#This Row],[Datum]]=0,"!!! Vyplň DATUM !!!",IF(AND(Tabulka2[[#This Row],[Datum]]>0,Tabulka2[[#This Row],[Firma]]=0),"!!! Vyplň FIRMU !!!",IF(AND(Tabulka2[[#This Row],[Datum]]>0,Tabulka2[[#This Row],[Firma]]>0,Tabulka2[[#This Row],[Pracovník]]=0),"!!! Vyplň PRACOVNÍKA !!!",IF(AND(Tabulka2[[#This Row],[Datum]]>0,Tabulka2[[#This Row],[Firma]]>0,Tabulka2[[#This Row],[Pracovník]]>0,Tabulka2[[#This Row],[Přítomnost / Směna]]=0),"!!! Vyplň SMĚNU !!!","")))),"") | B116: 45924 | C116: DSC | D116: Ambroziewicz Hanna | E116: =IFERROR(VLOOKUP(Tabulka2[[#This Row],[Pracovník]],DATA!A:L,5,0),"") -> 6550 | F116: A | G116: Neomluvená | I116: =IFERROR(VLOOKUP(Tabulka2[[#This Row],[Pracovník]],DATA!A:L,11,0),"") -> DSC 2 | K116: ukončena
A117: =IFERROR(IF(Tabulka2[[#This Row],[Datum]]=0,"!!! Vyplň DATUM !!!",IF(AND(Tabulka2[[#This Row],[Datum]]>0,Tabulka2[[#This Row],[Firma]]=0),"!!! Vyplň FIRMU !!!",IF(AND(Tabulka2[[#This Row],[Datum]]>0,Tabulka2[[#This Row],[Firma]]>0,Tabulka2[[#This Row],[Pracovník]]=0),"!!! Vyplň PRACOVNÍKA !!!",IF(AND(Tabulka2[[#This Row],[Datum]]>0,Tabulka2[[#This Row],[Firma]]>0,Tabulka2[[#This Row],[Pracovník]]>0,Tabulka2[[#This Row],[Přítomnost / Směna]]=0),"!!! Vyplň SMĚNU !!!","")))),"") | B117: 45924 | C117: DSC | D117: Baka Przemyslaw | E117: =IFERROR(VLOOKUP(Tabulka2[[#This Row],[Pracovník]],DATA!A:L,5,0),"") -> 6537 | F117: R | I117: =IFERROR(VLOOKUP(Tabulka2[[#This Row],[Pracovník]],DATA!A:L,11,0),"") -> DSC 2
A118: =IFERROR(IF(Tabulka2[[#This Row],[Datum]]=0,"!!! Vyplň DATUM !!!",IF(AND(Tabulka2[[#This Row],[Datum]]>0,Tabulka2[[#This Row],[Firma]]=0),"!!! Vyplň FIRMU !!!",IF(AND(Tabulka2[[#This Row],[Datum]]>0,Tabulka2[[#This Row],[Firma]]>0,Tabulka2[[#This Row],[Pracovník]]=0),"!!! Vyplň PRACOVNÍKA !!!",IF(AND(Tabulka2[[#This Row],[Datum]]>0,Tabulka2[[#This Row],[Firma]]>0,Tabulka2[[#This Row],[Pracovník]]>0,Tabulka2[[#This Row],[Přítomnost / Směna]]=0),"!!! Vyplň SMĚNU !!!","")))),"") | B118: 45924 | C118: DSC | D118: Banot Katarzyna | E118: =IFERROR(VLOOKUP(Tabulka2[[#This Row],[Pracovník]],DATA!A:L,5,0),"") -> 5802 | F118: N | I118: =IFERROR(VLOOKUP(Tabulka2[[#This Row],[Pracovník]],DATA!A:L,11,0),"") -> Vlastní auto
A119: =IFERROR(IF(Tabulka2[[#This Row],[Datum]]=0,"!!! Vyplň DATUM !!!",IF(AND(Tabulka2[[#This Row],[Datum]]>0,Tabulka2[[#This Row],[Firma]]=0),"!!! Vyplň FIRMU !!!",IF(AND(Tabulka2[[#This Row],[Datum]]>0,Tabulka2[[#This Row],[Firma]]>0,Tabulka2[[#This Row],[Pracovník]]=0),"!!! Vyplň PRACOVNÍKA !!!",IF(AND(Tabulka2[[#This Row],[Datum]]>0,Tabulka2[[#This Row],[Firma]]>0,Tabulka2[[#This Row],[Pracovník]]>0,Tabulka2[[#This Row],[Přítomnost / Směna]]=0),"!!! Vyplň SMĚNU !!!","")))),"") | B119: 45924 | C119: DSC | D119: Bassler Lukáš | E119: =IFERROR(VLOOKUP(Tabulka2[[#This Row],[Pracovník]],DATA!A:L,5,0),"") -> 4869 | F119: O | I119: =IFERROR(VLOOKUP(Tabulka2[[#This Row],[Pracovník]],DATA!A:L,11,0),"") -> Vlastní auto
A120: =IFERROR(IF(Tabulka2[[#This Row],[Datum]]=0,"!!! Vyplň DATUM !!!",IF(AND(Tabulka2[[#This Row],[Datum]]>0,Tabulka2[[#This Row],[Firma]]=0),"!!! Vyplň FIRMU !!!",IF(AND(Tabulka2[[#This Row],[Datum]]>0,Tabulka2[[#This Row],[Firma]]>0,Tabulka2[[#This Row],[Pracovník]]=0),"!!! Vyplň PRACOVNÍKA !!!",IF(AND(Tabulka2[[#This Row],[Datum]]>0,Tabulka2[[#This Row],[Firma]]>0,Tabulka2[[#This Row],[Pracovník]]>0,Tabulka2[[#This Row],[Přítomnost / Směna]]=0),"!!! Vyplň SMĚNU !!!","")))),"") | B120: 45924 | C120: DSC | D120: Baszczynski Bogdan | E120: =IFERROR(VLOOKUP(Tabulka2[[#This Row],[Pracovník]],DATA!A:L,5,0),"") -> 6508 | F120: R | I120: =IFERROR(VLOOKUP(Tabulka2[[#This Row],[Pracovník]],DATA!A:L,11,0),"") -> Vlastní auto
A121: =IFERROR(IF(Tabulka2[[#This Row],[Datum]]=0,"!!! Vyplň DATUM !!!",IF(AND(Tabulka2[[#This Row],[Datum]]>0,Tabulka2[[#This Row],[Firma]]=0),"!!! Vyplň FIRMU !!!",IF(AND(Tabulka2[[#This Row],[Datum]]>0,Tabulka2[[#This Row],[Firma]]>0,Tabulka2[[#This Row],[Pracovník]]=0),"!!! Vyplň PRACOVNÍKA !!!",IF(AND(Tabulka2[[#This Row],[Datum]]>0,Tabulka2[[#This Row],[Firma]]>0,Tabulka2[[#This Row],[Pracovník]]>0,Tabulka2[[#This Row],[Přítomnost / Směna]]=0),"!!! Vyplň SMĚNU !!!","")))),"") | B121: 45924 | C121: DSC | D121: Bialas Elzbieta | E121: =IFERROR(VLOOKUP(Tabulka2[[#This Row],[Pracovník]],DATA!A:L,5,0),"") -> 4607 | F121: N | I121: =IFERROR(VLOOKUP(Tabulka2[[#This Row],[Pracovník]],DATA!A:L,11,0),"") -> DSC 2
...

Sheet PIVOT
B2: Počet z Přítomnost / Směna | C2: Popisky sloupců
C3: IX | H3: X
B4: Popisky řádků | C4: 45924 | D4: 45925 | E4: 45926 | F4: 45929 | G4: 45930 | H4: 45931 | I4: 45932 | J4: 45933 | K4: 45936 | L4: 45937
B5: BATZ | C5: 5 | D5: 10 | E5: 18 | F5: 39 | G5: 70 | H5: 6 | I5: 10 | J5: 10 | K5: 13 | L5: 10
B6: THERMA | C6: 1 | D6: 1 | E6: 1 | G6: 4 | H6: 1 | I6: 1 | J6: 1 | K6: 1 | L6: 1
B7: DONGHEE | C7: 4 | D7: 5 | E7: 8 | F7: 42 | G7: 40 | H7: 9 | I7: 1 | J7: 1
B8: DSC | C8: 5 | D8: 5 | E8: 7 | F8: 90 | G8: 9 | H8: 7 | I8: 6 | J8: 5 | K8: 9 | L8: 7
B9: Celkový součet | C9: 15 | D9: 21 | E9: 34 | F9: 171 | G9: 123 | H9: 23 | I9: 18 | J9: 17 | K9: 23 | L9: 18
