Workbook

Sheet zastavky
A1: id | B1: spz | C1: oznaceni | D1: zastavka | E1: vyber
A2: 1 | B2: SK822SC SCANIA | C2: BATZ - Szeroka / Jastrzębie Zdrój / Wodzislaw Sl. | D2: 1 Szeroka ul. Rybnicka | E2: =B2 & " " & C2 & " " & D2 -> SK822SC SCANIA BATZ - Szeroka / Jastrzębie Zdrój / Wodzislaw Sl. 1 Szeroka ul. Rybnicka | F2: =A2 -> 1
A3: 2 | B3: SK822SC SCANIA | C3: BATZ - Szeroka / Jastrzębie Zdrój / Wodzislaw Sl. | D3: 2 Szeroka - Biedronka | E3: =B3 & " " & C3 & " " & D3 -> SK822SC SCANIA BATZ - Szeroka / Jastrzębie Zdrój / Wodzislaw Sl. 2 Szeroka - Biedronka | F3: =A3 -> 2
A4: 3 | B4: SK822SC SCANIA | C4: BATZ - Szeroka / Jastrzębie Zdrój / Wodzislaw Sl. | D4: 3 Szeroka - Wasbruck | E4: =B4 & " " & C4 & " " & D4 -> SK822SC SCANIA BATZ - Szeroka / Jastrzębie Zdrój / Wodzislaw Sl. 3 Szeroka - Wasbruck | F4: =A4 -> 3
A5: 4 | B5: SK822SC SCANIA | C5: BATZ - Szeroka / Jastrzębie Zdrój / Wodzislaw Sl. | D5: 4 Jastr.Zd. - Pszczyńska/Rybnicka | E5: =B5 & " " & C5 & " " & D5 -> SK822SC SCANIA BATZ - Szeroka / Jastrzębie Zdrój / Wodzislaw Sl. 4 Jastr.Zd. - Pszczyńska/Rybnicka | F5: =A5 -> 4
A6: 5 | B6: SPRINTER / OPEL | C6: BATZ - Źory / Cieszyn | D6: Źory - Sąd Rejonowy | E6: =B6 & " " & C6 & " " & D6 -> SPRINTER / OPEL BATZ - Źory / Cieszyn Źory - Sąd Rejonowy | F6: =A6 -> 5
A7: 6 | B7: SPRINTER / OPEL | C7: BATZ - Źory / Cieszyn | D7: Źory - Bajerowka | E7: =B7 & " " & C7 & " " & D7 -> SPRINTER / OPEL BATZ - Źory / Cieszyn Źory - Bajerowka | F7: =A7 -> 6
A8: 7 | B8: SPRINTER / OPEL | C8: BATZ - Źory / Cieszyn | D8: Ruptawa - Cisówka | E8: =B8 & " " & C8 & " " & D8 -> SPRINTER / OPEL BATZ - Źory / Cieszyn Ruptawa - Cisówka | F8: =A8 -> 7
A9: 9 | B9: SPRINTER / OPEL | C9: BATZ - Źory / Cieszyn | D9: Zebrzydowice Ośrodek Zdrowia | E9: =B9 & " " & C9 & " " & D9 -> SPRINTER / OPEL BATZ - Źory / Cieszyn Zebrzydowice Ośrodek Zdrowia | F9: =A9 -> 9
A10: 10 | B10: SPRINTER / OPEL | C10: BATZ - Źory / Cieszyn | D10: Zebrzydowice Rondo | E10: =B10 & " " & C10 & " " & D10 -> SPRINTER / OPEL BATZ - Źory / Cieszyn Zebrzydowice Rondo | F10: =A10 -> 10
A11: 11 | B11: SPRINTER / OPEL | C11: BATZ - Źory / Cieszyn | D11: Kończyce Małe | E11: =B11 & " " & C11 & " " & D11 -> SPRINTER / OPEL BATZ - Źory / Cieszyn Kończyce Małe | F11: =A11 -> 11
A12: 12 | B12: SPRINTER / OPEL | C12: BATZ - Źory / Cieszyn | D12: Hażlach za rondo Crab | E12: =B12 & " " & C12 & " " & D12 -> SPRINTER / OPEL BATZ - Źory / Cieszyn Hażlach za rondo Crab | F12: =A12 -> 12
A13: 13 | B13: SPRINTER / OPEL | C13: BATZ - Źory / Cieszyn | D13: Hażlach obok GASTROMANIA | E13: =B13 & " " & C13 & " " & D13 -> SPRINTER / OPEL BATZ - Źory / Cieszyn Hażlach obok GASTROMANIA | F13: =A13 -> 13
... A171: 171 | B171: Oles | C171: DSC | D171: Źory - Zegar, aleja Niepodległości | E171: =B171 & " " & C171 & " " & D171 -> Oles DSC Źory - Zegar, aleja Niepodległości | F171: =A171 -> 171

Sheet zamestnanci
A1: id | B1: os_cislo | C1: prijmeni | D1: jmeno | E1: rfid | F1: nastup | G1: telefon | H1: adresa | I1: firma | J1: smena | K1: nepritomnost | L1: aktivni | M1: zastavka
A2: 1 | B2: 4984 | C2: Koblanski | D2: Daniel Roman | E2: 0001932486 | F2: =IF(M2<>"",VLOOKUP(M2,zastavky!E:F,2,FALSE),"") | G2: 48661131885 | H2: Rzemieslnicza 16, Marklowice, 44-321 | I2: 1 | J2: R | L2: 1
A3: 2 | B3: 4832 | C3: Plusa | D3: Jolanta Anastazja | E3: 0001812666 | F3: =IF(M3<>"",VLOOKUP(M3,zastavky!E:F,2,FALSE),"") | G3: 48579875413 | H3: Wolnosci 106, Wodzislaw Slaski, 44-300 | I3: 1 | J3: R | L3: 1
A4: 3 | B4: 4821 | C4: Lapczyk | D4: Wiktoria Monika | E4: 0001203587 | F4: =IF(M4<>"",VLOOKUP(M4,zastavky!E:F,2,FALSE),"") | G4: 48570354807 | H4: Stanislawa Moniuszki 24/57, Cieszyn, 43-400 | I4: 1 | J4: R | L4: 1
A5: 4 | B5: 4824 | C5: Siemieniec | D5: Mirela Malgorzata | E5: 0001319249 | F5: =IF(M5<>"",VLOOKUP(M5,zastavky!E:F,2,FALSE),"") | G5: 48534420008 | H5: Generala Sikorskiego 10, Gorzyce, 44-350 | I5: 1 | J5: R | L5: 1
A6: 5 | B6: 4816 | C6: Tkocz | D6: Grazyna | E6: 0001348553 | F6: =IF(M6<>"",VLOOKUP(M6,zastavky!E:F,2,FALSE),"") | G6: 48780473033 | H6: Rynek 19/4, Wodzislaw Slaski, 44-300 | I6: 1 | J6: R | L6: 1
A7: 6 | B7: 4823 | C7: Tomala | D7: Sabina Agata | E7: 0001213514 | F7: =IF(M7<>"",VLOOKUP(M7,zastavky!E:F,2,FALSE),"") | G7: 48731071831 | H7: Truchana 36/12, Chorzow, 41-500 | I7: 1 | J7: R | L7: 1
A8: 7 | B8: 5139 | C8: Wisniewski | D8: Andrzej Jaroslaw | E8: 0001815983 | F8: =IF(M8<>"",VLOOKUP(M8,zastavky!E:F,2,FALSE),"") | G8: 48577599086 | H8: Jana Kilinskiego 6, Marklowice, 44-321 | I8: 1 | J8: R | L8: 1
A9: 8 | B9: 4820 | C9: Zdunek | D9: Patrycja | E9: 0003356249 | F9: =IF(M9<>"",VLOOKUP(M9,zastavky!E:F,2,FALSE),"") | G9: 48535337339 | H9: Stanislawa Moniuszki 24/57, Cieszyn, 43-400 | I9: 1 | J9: R | L9: 1
A10: 9 | B10: 5178 | C10: Birka | D10: Jan | E10: 0012951123 | F10: =IF(M10<>"",VLOOKUP(M10,zastavky!E:F,2,FALSE),"") | G10: 735 826 676 | H10: Masarykovo nám. 1/1, Nový Jičín, 741 01, CZ | I10: 2 | J10: R | L10: 1
A11: 10 | B11: 5234 | C11: Bogdanska | D11: Malgorzata Beata | E11: 0013073154 | F11: =IF(M11<>"",VLOOKUP(M11,zastavky!E:F,2,FALSE),"") | G11: +48 503 935 531 | H11: 26 Marca 42/47, Wodzislaw Slaski, 44-300, PL | I11: 2 | J11: R | L11: 1
A12: 11 | B12: 3415 | C12: Boruszka | D12: Aneta Barbara | E12: 0012989719 | F12: =IF(M12<>"",VLOOKUP(M12,zastavky!E:F,2,FALSE),"") | G12: +48 605 522 989 | H12: os. 1000-lecia 15a/11, Jastrzebie-Zdroj, 44-268, PL | I12: 2 | J12: R | L12: 1
A13: 12 | B13: 3428 | C13: Cieslak | D13: Bogdan Cezary | E13: 0012037325 | F13: =IF(M13<>"",VLOOKUP(M13,zastavky!E:F,2,FALSE),"") | G13: +48 883 115 857 | H13: Polna 22C m.10, Pawlowice, 43-251, PL | I13: 2 | J13: R | L13: 1
... A91: 90 | B91: 2069 | C91: Debner | D91: Karolina | E91: 0301165689 | F91: =IF(M91<>"",VLOOKUP(M91,zastavky!E:F,2,FALSE),"") | G91: 48 739 218 695 | H91: Promienna 5/201, Zory, 44-240 | I91: 1 | J91: R | L91: 1
A92: 91 | B92: 2230 | C92: Piechaczek | D92: Agnieszka | E92: 0272698616 | F92: =IF(M92<>"",VLOOKUP(M92,zastavky!E:F,2,FALSE),"") | H92: Wiejska 21, Jastrzebie-Zdroj, 44-338 | I92: 1 | J92: R | L92: 1
A93: 92 | B93: 2945 | C93: Francová | D93: Karolína | E93: 0289821261 | F93: =IF(M93<>"",VLOOKUP(M93,zastavky!E:F,2,FALSE),"") | G93: 770 664 657 | H93: Hrnčířská 2003, Rožnov pod Radhoštěm, 756 61 | I93: 1 | J93: R | L93: 1
A94: 93 | B94: 5175 | C94: Wywiol | D94: Romeusz | E94: 0315321918 | F94: =IF(M94<>"",VLOOKUP(M94,zastavky!E:F,2,FALSE),"") | G94: 48 574 677 081 | H94: Turystyczna 1, Jastrzebie-Zdrój, 44-335 | I94: 1 | J94: R | L94: 1
A95: 94 | B95: 3257 | C95: Starzyczny | D95: Joanna | E95: 0272698647 | F95: =IF(M95<>"",VLOOKUP(M95,zastavky!E:F,2,FALSE),"") | G95: 48 693 474 209 | H95: Wiejska 9 A m.1, Jastrzebie-Zdrój, 44-338 | I95: 1 | J95: R | L95: 1
A96: 95 | B96: 3369 | C96: Mottlová | D96: Markéta | E96: 0315321940 | F96: =IF(M96<>"",VLOOKUP(M96,zastavky!E:F,2,FALSE),"") | G96: 720 578 148 | H96: Závodní 409/53, Ostrava - Hrabůvka, 700 30 | I96: 1 | J96: R | L96: 1
A97: 96 | B97: 3078 | C97: Niznik | D97: Boguslaw | E97: 0315321941 | F97: =IF(M97<>"",VLOOKUP(M97,zastavky!E:F,2,FALSE),"") | H97: Dygasinskiego 33, Pszów, 44-370 | I97: 1 | J97: R | L97: 1
A98: 97 | B98: 3721 | C98: Fitrzyková | D98: Jana | E98: 0328604658 | F98: =IF(M98<>"",VLOOKUP(M98,zastavky!E:F,2,FALSE),"") | G98: 704 188 141 | H98: Těšínská 87/281, Ostrava - Radvanice, 716 00 | I98: 1 | J98: R | L98: 1
A99: 98 | B99: 3729 | C99: Chodinský | D99: Jakub | E99: 0328608672 | F99: =IF(M99<>"",VLOOKUP(M99,zastavky!E:F,2,FALSE),"") | G99: 735 997 947 | H99: Vyškovická 447/153 , Ostrava - Výškovice, 700 30 | I99: 1 | J99: R | L99: 1
A100: 99 | B100: 3728 | C100: Chodinský | D100: Rostislav | E100: 0301165667 | F100: =IF(M100<>"",VLOOKUP(M100,zastavky!E:F,2,FALSE),"") | G100: 735 883 940 | H100: Vyškovická 447/153 , Ostrava - Výškovice, 700 30 | I100: 1 | J100: R | L100: 1
A101: 100 | B101: 4365 | C101: Šostá | D101: Ivana | E101: 0315325893 | F101: =IF(M101<>"",VLOOKUP(M101,zastavky!E:F,2,FALSE),"") | G101: 702 897 627 | H101: Hulvácká 1399/11a, Ostrava-Zábřeh , 700 30 | I101: 1 | J101: R | L101: 1
A102: 101 | B102: 3284 | C102: Matuszczyk | D102: Beata | E102: 0328608668 | F102: =IF(M102<>"",VLOOKUP(M102,zastavky!E:F,2,FALSE),"") | G102: 48 692 755 081 | H102: Górnicza 38/23, Jastrzebie-Zdroj, 44-335 | I102: 1 | J102: R | L102: 1
A103: 102 | B103: 4326 | C103: Lázoková | D103: Darina | E103: 0328608677 | F103: =IF(M103<>"",VLOOKUP(M103,zastavky!E:F,2,FALSE),"") | G103: 705 926 915 | H103: Lidická 539, Třinec - Lyžbice, 739 61 | I103: 1 | J103: R | L103: 1
A104: 103 | B104: 4442 | C104: Pajor | D104: Artur | E104: 0301165649 | F104: =IF(M104<>"",VLOOKUP(M104,zastavky!E:F,2,FALSE),"") | G104: 48 731 773 661 | H104: Gustawa Morcinka 8/6, Jastrzebie-Zdroj, 44-335 | I104: 1 | J104: R | L104: 1
A105: 104 | B105: 3871 | C105: Neudert | D105: Pavel | E105: 0370053055 | F105: =IF(M105<>"",VLOOKUP(M105,zastavky!E:F,2,FALSE),"") | G105: 704 717 533 | H105: Horní 791/3, Ostrava - Hrabůvka, 700 30 | I105: 1 | J105: R | L105: 1
A106: 105 | B106: 3920 | C106: Krzenek | D106: Ryszarda | E106: 0315325856 | F106: =IF(M106<>"",VLOOKUP(M106,zastavky!E:F,2,FALSE),"") | G106: 48 725 009 441 | H106: Skrajna 4 m.6, Cieszyn, 43-400 | I106: 1 | J106: R | L106: 1
A107: 106 | B107: 4622 | C107: Starosta | D107: Barbara | E107: 0328443818 | F107: =IF(M107<>"",VLOOKUP(M107,zastavky!E:F,2,FALSE),"") | G107: 48 735 049 358 | H107: Radlinska 147, Wodzislaw Slaski, 44-300 | I107: 1 | J107: R | L107: 1
A108: 107 | B108: 4682 | C108: Bugno | D108: Agnieszka | E108: 0289896688 | F108: =IF(M108<>"",VLOOKUP(M108,zastavky!E:F,2,FALSE),"") | G108: 48 785 427 469 | H108: Okreźna 4, Zebrzydowice, 43-410 | I108: 1 | J108: R | L108: 1
A109: 108 | B109: 4719 | C109: Paczlowski | D109: Michal | E109: 0328611446 | F109: =IF(M109<>"",VLOOKUP(M109,zastavky!E:F,2,FALSE),"") | G109: 48 535 384 403 | H109: Turnawiec 9,Turnawiec, 28-506 | I109: 1 | J109: R | L109: 1
... A216: 401 | B216: 4928 | C216: Czyź | D216: Natalia Dominika | E216: 0001867350 | F216: =IF(M216<>"",VLOOKUP(M216,zastavky!E:F,2,FALSE),"") | G216: +48 795 756 172 | H216: Wyższa Brama 17, Cieszyn, 43-400 | I216: 6 | J216: R | L216: 1
A217: 402 | B217: 49 | C217: Damis | D217: Malgorzata Maria | E217: 0009531966 | F217: =IF(M217<>"",VLOOKUP(M217,zastavky!E:F,2,FALSE),"") | H217: Jutrzenki 10, Zebrzydowice, 43-410 | I217: 6 | J217: R | L217: 1
A218: 403 | B218: 286 | C218: Dormowicz | D218: Marta Ewelina | E218: 0005160737 | F218: =IF(M218<>"",VLOOKUP(M218,zastavky!E:F,2,FALSE),"") | G218: +48 518 679 641 | H218: Czecha 4/1, Radlin, 44-310 | I218: 6 | J218: R | L218: 1
A219: 404 | B219: 4865 | C219: Dormowicz | D219: Wiktoria Marta | E219: 0003514629 | F219: =IF(M219<>"",VLOOKUP(M219,zastavky!E:F,2,FALSE),"") | G219: +48 784 009 068 | H219: Bronislawa Czecha 4/1, Radlin, 44-310 | I219: 6 | J219: R | L219: 1
A220: 405 | B220: 4610 | C220: Druzbanska | D220: Dorota Barbara | E220: 0001303232 | F220: =IF(M220<>"",VLOOKUP(M220,zastavky!E:F,2,FALSE),"") | G220: +48 530 626 255 | H220: Rybnicka 31, Szczerbice, 44-293 | I220: 6 | J220: R | L220: 1
A221: 406 | B221: 5162 | C221: Dziacko | D221: Marta Magdalena | E221: 0004941641 | F221: =IF(M221<>"",VLOOKUP(M221,zastavky!E:F,2,FALSE),"") | G221: +48 731 070 755 | H221: 3 Maja 37, Jastrzebie Zdroj, 44-335 | I221: 6 | J221: R | L221: 1
A222: 407 | B222: 5164 | C222: Elišer | D222: Václav | E222: 0005010380 | F222: =IF(M222<>"",VLOOKUP(M222,zastavky!E:F,2,FALSE),"") | G222: +420 704 495 69 | H222: Československé armády 487, Frýdek-Místek, Místek, 738 01 | I222: 6 | J222: R | L222: 1
A223: 408 | B223: 62 | C223: Ferfecki | D223: Lukasz Wiktor | E223: 0004222254 | F223: =IF(M223<>"",VLOOKUP(M223,zastavky!E:F,2,FALSE),"") | G223: +48 799 074 575 | H223: Sw. Marcina 85, Ochaby Wielkie, 43430 | I223: 6 | J223: R | L223: 1
A224: 409 | B224: 4886 | C224: Filipiak | D224: Karolina Paulina | E224: 0004688704 | F224: =IF(M224<>"",VLOOKUP(M224,zastavky!E:F,2,FALSE),"") | G224: +48 502 063 042 | H224: 1 Maja 43/4, Rybnik, 44-206 | I224: 6 | J224: R | L224: 1
A225: 410 | B225: 5124 | C225: Gabčo | D225: Roman | E225: 0001988791 | F225: =IF(M225<>"",VLOOKUP(M225,zastavky!E:F,2,FALSE),"") | G225: 702806209 | H225: Jablunkovská 407, Třinec - Lyžbice, 739 61 | I225: 6 | J225: R | L225: 1
A226: 411 | B226: 114 | C226: Gatner | D226: Dominika Weronika | E226: 0008337713 | F226: =IF(M226<>"",VLOOKUP(M226,zastavky!E:F,2,FALSE),"") | G226: +48 501 971 657 | H226: Jana Kochanowskiego 11, Zebrzydowice, 43-410 | I226: 6 | J226: R | L226: 1
A227: 412 | B227: 5071 | C227: Gawenda | D227: Ewa Maria | E227: 0001988752 | F227: =IF(M227<>"",VLOOKUP(M227,zastavky!E:F,2,FALSE),"") | G227: +48 515 347 421 | H227: Lanowa 67, Pszow, 44-370 | I227: 6 | J227: R | L227: 1
A228: 413 | B228: 4879 | C228: Golyszna | D228: Daria Anna | E228: 0004521242 | F228: =IF(M228<>"",VLOOKUP(M228,zastavky!E:F,2,FALSE),"") | G228: +48 535 973 692 | H228: Wroclawska 17/11, Jastrzebie Zdroj, 44-335 | I228: 6 | J228: R | L228: 1
A229: 414 | B229: 4489 | C229: Graczewski | D229: Piotr | E229: 0002003331 | F229: =IF(M229<>"",VLOOKUP(M229,zastavky!E:F,2,FALSE),"") | G229: +48 577 121 655 | H229: os 1.Mája 18/2/1, Wodzislaw - Slaski, 44-304 | I229: 6 | J229: R | L229: 1
... A405: 590 | B405: 4680 | C405: Kala | D405: Janusz Eryk | E405: 0000916535 | F405: =IF(M405<>"",VLOOKUP(M405,zastavky!E:F,2,FALSE),"") | G405: +48 537 097 454 | H405: Boryńska 23, Zory, 44-244 | I405: 3 | J405: R | L405: 1
A406: 591 | B406: 4998 | C406: Karkoszka | D406: Michal Ireneusz | F406: =IF(M406<>"",VLOOKUP(M406,zastavky!E:F,2,FALSE),"") | G406: +48 609 723 587 | H406: 1000-lecia 18/7, Wodzislaw Slaski, 44-300 | I406: 3 | J406: R | L406: 1
A407: 592 | B407: 3695 | C407: Kovařčik | D407: Tomáš | F407: =IF(M407<>"",VLOOKUP(M407,zastavky!E:F,2,FALSE),"") | G407: 739764081 | H407: Lázky 1319, Vsetín, 755 01 | I407: 3 | J407: R | L407: 1
A408: 593 | B408: 5034 | C408: Kowalczyk | D408: Przemyslaw Krzysztof | E408: 0369919018 | F408: =IF(M408<>"",VLOOKUP(M408,zastavky!E:F,2,FALSE),"") | G408: +48 537 100 679 | H408: Aleja Wojska Polskiego 21/21, Zory, 44-240 | I408: 3 | J408: R | L408: 1
A409: 594 | B409: 5149 | C409: Lata | D409: Stanislaw | F409: =IF(M409<>"",VLOOKUP(M409,zastavky!E:F,2,FALSE),"") | G409: +48 789 787 147 | H409: Boleslawa Prusa 2/1, Wodzislaw Slaski, 44-300 | I409: 3 | J409: R | L409: 1
A410: 595 | B410: 4850 | C410: Loter | D410: Dawid Seweryn | E410: 0009644271 | F410: =IF(M410<>"",VLOOKUP(M410,zastavky!E:F,2,FALSE),"") | G410: +48 794 581 733 | H410: Rynek 27/7, Wodzisław Śląski, 44-300 | I410: 3 | J410: R | L410: 1
A411: 596 | B411: 4851 | C411: Lysejko | D411: Jaroslaw | E411: 0009580102 | F411: =IF(M411<>"",VLOOKUP(M411,zastavky!E:F,2,FALSE),"") | G411: +48 797 697 888 | H411: 26 Marca 19/1, Wodzisław Śląski, 44-300 | I411: 3 | J411: R | L411: 1
A412: 597 | B412: 4237 | C412: Marczewski | D412: Robert Wieslaw | E412: 0000904527 | F412: =IF(M412<>"",VLOOKUP(M412,zastavky!E:F,2,FALSE),"") | G412: +48 606 131 964 | H412: Malchera 29/9, Jastrzebie-Zdroj, 44335 | I412: 3 | J412: R | L412: 1
A413: 598 | B413: 1993 | C413: Moravec | D413: Jan | E413: 0013055947 | F413: =IF(M413<>"",VLOOKUP(M413,zastavky!E:F,2,FALSE),"") | G413: 736 120 949 | H413: Čujkovova 1738/34, Ostrava-Zábřeh, 70030 | I413: 3 | J413: R | L413: 1
A414: 599 | B414: 3379 | C414: Nawara | D414: Bartosz Pawel | E414: 0009586730 | F414: =IF(M414<>"",VLOOKUP(M414,zastavky!E:F,2,FALSE),"") | G414: +48 507 556 613 | H414: Krakowska 1/16, Jastrzebie-Zdrój, 44-335 | I414: 3 | J414: R | L414: 1
A415: 600 | B415: 4693 | C415: Pawliczek | D415: Wojciech Roman | E415: 0000920818 | F415: =IF(M415<>"",VLOOKUP(M415,zastavky!E:F,2,FALSE),"") | G415: +48 510 626 854 | H415: Jana Onufrego Zagłoby 24, Rybnik, 44-270 | I415: 3 | J415: R | L415: 1
A416: 601 | B416: 4044 | C416: Pitel | D416: Jiří | E416: 0011818564 | F416: =IF(M416<>"",VLOOKUP(M416,zastavky!E:F,2,FALSE),"") | G416: 731907245 | H416: Dr.Čejky 1518, Příbor, 742 58 | I416: 3 | J416: R | L416: 1
A417: 602 | B417: 5111 | C417: Porczyk | D417: Patryk Szymon | E417: 0369965510 | F417: =IF(M417<>"",VLOOKUP(M417,zastavky!E:F,2,FALSE),"") | G417: +48 792 561 006 | H417: Patriotow 8B/7, Rybnik, 44-253 | I417: 3 | J417: R | L417: 1
A418: 603 | B418: 5039 | C418: Prudel | D418: Mateusz Stanislaw | E418: 0369972253 | F418: =IF(M418<>"",VLOOKUP(M418,zastavky!E:F,2,FALSE),"") | G418: +48 694 806 434 | H418: Kreta 1G/4, Pawlowice, 43-251 | I418: 3 | J418: R | L418: 1
A419: 604 | B419: 5210 | C419: Rost | D419: Szymon Mariusz | E419: 0357225412 | F419: =IF(M419<>"",VLOOKUP(M419,zastavky!E:F,2,FALSE),"") | G419: +48 572 303 066 | H419: Kurpiowska 11/5, Jastrzebie Zdroj, 44-335 | I419: 3 | J419: R | L419: 1
A420: 605 | B420: 5087 | C420: Rozy | D420: Lukasz | E420: 0369951690 | F420: =IF(M420<>"",VLOOKUP(M420,zastavky!E:F,2,FALSE),"") | G420: +48 787 366 585 | H420: osiedle 1000-lecia 15B/34, Jastrzębie-Zdrój, 44-268 | I420: 3 | J420: R | L420: 1
A421: 606 | B421: 5074 | C421: Salapa | D421: Damian Slawomir | E421: 0369916310 | F421: =IF(M421<>"",VLOOKUP(M421,zastavky!E:F,2,FALSE),"") | G421: +48 512 157 227 | H421: Wielkopolska 11/19, Jastrzebie Zdroj, 44-335 | I421: 3 | J421: R | L421: 1
... A425: 610 | B425: 5220 | C425: Weinreich | D425: Piotr Grzegorz | E425: 0348370747 | F425: =IF(M425<>"",VLOOKUP(M425,zastavky!E:F,2,FALSE),"") | G425: +48 531 385 792 | H425: Swietego Jozefa 18/19, Rybnik, 44-200 | I425: 3 | J425: R | L425: 1
A426: 611 | B426: 5258 | C426: Wojaczek | D426: Kamil Piotr | F426: =IF(M426<>"",VLOOKUP(M426,zastavky!E:F,2,FALSE),"") | G426: +48 579 292 424 | H426: Wankowicza 44D, Wodzislaw Slaski, 44-313 | I426: 3 | J426: R | L426: 1
A427: 612 | B427: 4095 | C427: Zmudzinski | D427: Marek | E427: 0347606277 | F427: =IF(M427<>"",VLOOKUP(M427,zastavky!E:F,2,FALSE),"") | G427: +48 880 075 790 | H427: Osiedle 30-Lecia 133/5, Wodzislaw Slaski, 44-286 | I427: 3 | J427: R | L427: 1
A428: 613 | B428: 5073 | C428: Zynda | D428: Wieslaw Józef | E428: 0369912861 | F428: =IF(M428<>"",VLOOKUP(M428,zastavky!E:F,2,FALSE),"") | H428: Wielkopolska 5/4, Jastrzebie-Zdrój, 44335 | I428: 3 | J428: R | L428: 1
A429: 614 | B429: 4748 | C429: Kuklińska | D429: Malgorzata | E429: 301165702 | F429: =IF(M429<>"",VLOOKUP(M429,zastavky!E:F,2,FALSE),"") | G429: 48 782 905 236 | H429: Janusza Kusocińskiego 33/10, Jastrzebie-Zdrój , 44-335 | I429: 1 | J429: R | L429: 1
A430: 615 | B430: 5082 | C430: Porebny | D430: Piotr Jozef | E430: 348347824 | F430: =IF(M430<>"",VLOOKUP(M430,zastavky!E:F,2,FALSE),"") | G430: 48 691 417 127 | H430: Opolska 10/7, Jastrzebie Zdroj , 44-335 | I430: 1 | J430: R | L430: 1
A431: 616 | B431: 5093 | C431: Szybiak | D431: Zofia Grazyna | E431: 328443819 | F431: =IF(M431<>"",VLOOKUP(M431,zastavky!E:F,2,FALSE),"") | G431: 48 579 710 722 | H431: Slaska 19/6 , Jastrzebie Zdroj , 44-335 | I431: 1 | J431: R | L431: 1
A432: 617 | B432: 5269 | C432: Zawada | D432: Krystian Kamil | E432: 301172995 | F432: =IF(M432<>"",VLOOKUP(M432,zastavky!E:F,2,FALSE),"") | G432: 48 694 861 466 | H432: Os. Powstancow Slaskich 8G/9, Zory , 44-240 | I432: 1 | J432: R | L432: 1
A433: 618 | B433: 4919 | C433: Buza | D433: Jan Ireneusz | E433: 328443812 | F433: =IF(M433<>"",VLOOKUP(M433,zastavky!E:F,2,FALSE),"") | G433: 48 531 216 62 | H433: Cicha 10, Gogolowa, 44-323 | I433: 1 | J433: R | L433: 1
A434: 619 | B434: 4922 | C434: Wawrzyczek | D434: Mateusz Arkadiusz | E434: 301180266 | F434: =IF(M434<>"",VLOOKUP(M434,zastavky!E:F,2,FALSE),"") | G434: 48 452 513 149 | H434: Chmielna 8A, Konczyce Male, 43-410 | I434: 1 | J434: R | L434: 1
A435: 620 | B435: 4940 | C435: Wutzke | D435: Ewa Sabina | E435: 301162124 | F435: =IF(M435<>"",VLOOKUP(M435,zastavky!E:F,2,FALSE),"") | G435: 48 604 950 674 | H435: Slaska 59/10, Jastrzebie Zdroj, 44-335 | I435: 1 | J435: R | L435: 1
A436: 621 | B436: 4936 | C436: Cwiklak | D436: Robert | E436: 370049042 | F436: =IF(M436<>"",VLOOKUP(M436,zastavky!E:F,2,FALSE),"") | G436: 48 661 575 386 | H436: Grodzisko 35, Wodzislaw Slaski , 44-300 | I436: 1 | J436: R | L436: 1
A437: 622 | B437: 5016 | C437: Buza | D437: Buza Bartosz Marcin | E437: 301161919 | F437: =IF(M437<>"",VLOOKUP(M437,zastavky!E:F,2,FALSE),"") | G437: 48 694 126 379 | H437: Cicha 10, Gogolowa, 44-323 | I437: 1 | J437: R | L437: 1
A438: 623 | B438: 5022 | C438: Kozielski | D438: Kozielski Andrzej Jozef | E438: 301173035 | F438: =IF(M438<>"",VLOOKUP(M438,zastavky!E:F,2,FALSE),"") | G438: 48 698 656 111 | H438: Chabrowa 10, Wodzislaw Slaski, 44-300 | I438: 1 | J438: R | L438: 1
A439: 624 | B439: 5044 | C439: Wesoly | D439: Rafal Pawel | E439: 348319987 | F439: =IF(M439<>"",VLOOKUP(M439,zastavky!E:F,2,FALSE),"") | G439: 48 459 450 547 | H439: Widokowa 21, Marklowice , 44-321 | I439: 1 | J439: R | L439: 1
A440: 625 | B440: 5096 | C440: Zrabkowski | D440: Robert Sebastian | E440: 348326520 | F440: =IF(M440<>"",VLOOKUP(M440,zastavky!E:F,2,FALSE),"") | G440: 48 666 169 788 | H440: Dojazdowa 7/6, Cieszyn , 43-400 | I440: 1 | J440: R | L440: 1
... A444: 629 | B444: 5284 | C444: Oslowski | D444: Arkadiusz Marek | E444: 65287216 | F444: =IF(M444<>"",VLOOKUP(M444,zastavky!E:F,2,FALSE),"") | G444: 48 661 799 661 | H444: Szeroka 77, Ustron , 43-450 | I444: 1 | J444: R | L444: 1
