Workbook

Sheet zastavky
A1: id | B1: spz | C1: oznaceni | D1: zastavka | E1: vyber
A2: 1 | B2: SK822SC SCANIA | C2: BATZ - Szeroka / Jastrzębie Zdrój / Wodzislaw Sl. | D2: 1 Szeroka ul. Rybnicka | E2: =B2 & " " & C2 & " " & D2 -> SK822SC SCANIA BATZ - Szeroka / Jastrzębie Zdrój / Wodzislaw Sl. 1 Szeroka ul. Rybnicka | F2: =A2 -> 1
A3: 2 | B3: SK822SC SCANIA | C3: BATZ - Szeroka / Jastrzębie Zdrój / Wodzislaw Sl. | D3: 2 Szeroka - Biedronka | E3: =B3 & " " & C3 & " " & D3 -> SK822SC SCANIA BATZ - Szeroka / Jastrzębie Zdrój / Wodzislaw Sl. 2 Szeroka - Biedronka | F3: =A3 -> 2
A4: 3 | B4: SK822SC SCANIA | C4: BATZ - Szeroka / Jastrzębie Zdrój / Wodzislaw Sl. | D4: 3 Szeroka - Wasbruck | E4: =B4 & " " & C4 & " " & D4 -> SK822SC SCANIA BATZ - Szeroka / Jastrzębie Zdrój / Wodzislaw Sl. 3 Szeroka - Wasbruck | F4: =A4 -> 3
A5: 4 | B5: SK822SC SCANIA | C5: BATZ - Szeroka / Jastrzębie Zdrój / Wodzislaw Sl. | D5: 4 Jastr.Zd. - Pszczyńska/Rybnicka | E5: =B5 & " " & C5 & " " & D5 -> SK822SC SCANIA BATZ - Szeroka / Jastrzębie Zdrój / Wodzislaw Sl. 4 Jastr.Zd. - Pszczyńska/Rybnicka | F5: =A5 -> 4
A6: 5 | B6: SPRINTER / OPEL | C6: BATZ - Źory / Cieszyn | D6: Źory - Sąd Rejonowy | E6: =B6 & " " & C6 & " " & D6 -> SPRINTER / OPEL BATZ - Źory / Cieszyn Źory - Sąd Rejonowy | F6: =A6 -> 5
A7: 6 | B7: SPRINTER / OPEL | C7: BATZ - Źory / Cieszyn | D7: Źory - Bajerowka | E7: =B7 & " " & C7 & " " & D7 -> SPRINTER / OPEL BATZ - Źory / Cieszyn Źory - Bajerowka | F7: =A7 -> 6
A8: 7 | B8: SPRINTER / OPEL | C8: BATZ - Źory / Cieszyn | D8: Ruptawa - Cisówka | E8: =B8 & " " & C8 & " " & D8 -> SPRINTER / OPEL BATZ - Źory / Cieszyn Ruptawa - Cisówka | F8: =A8 -> 7
A9: 9 | B9: SPRINTER / OPEL | C9: BATZ - Źory / Cieszyn | D9: Zebrzydowice Ośrodek Zdrowia | E9: =B9 & " " & C9 & " " & D9 -> SPRINTER / OPEL BATZ - Źory / Cieszyn Zebrzydowice Ośrodek Zdrowia | F9: =A9 -> 9
A10: 10 | B10: SPRINTER / OPEL | C10: BATZ - Źory / Cieszyn | D10: Zebrzydowice Rondo | E10: =B10 & " " & C10 & " " & D10 -> SPRINTER / OPEL BATZ - Źory / Cieszyn Zebrzydowice Rondo | F10: =A10 -> 10
A11: 11 | B11: SPRINTER / OPEL | C11: BATZ - Źory / Cieszyn | D11: Kończyce Małe | E11: =B11 & " " & C11 & " " & D11 -> SPRINTER / OPEL BATZ - Źory / Cieszyn Kończyce Małe | F11: =A11 -> 11
A12: 12 | B12: SPRINTER / OPEL | C12: BATZ - Źory / Cieszyn | D12: Hażlach za rondo Crab | E12: =B12 & " " & C12 & " " & D12 -> SPRINTER / OPEL BATZ - Źory / Cieszyn Hażlach za rondo Crab | F12: =A12 -> 12
A13: 13 | B13: SPRINTER / OPEL | C13: BATZ - Źory / Cieszyn | D13: Hażlach obok GASTROMANIA | E13: =B13 & " " & C13 & " " & D13 -> SPRINTER / OPEL BATZ - Źory / Cieszyn Hażlach obok GASTROMANIA | F13: =A13 -> 13
... A171: 171 | B171: Oles | C171: DSC | D171: Źory - Zegar, aleja Niepodległości | E171: =B171 & " " & C171 & " " & D171 -> Oles DSC Źory - Zegar, aleja Niepodległości | F171: =A171 -> 171

Sheet zamestnanci
A1: id | B1: os_cislo | C1: os.cislo 2 | D1: prijmeni | E1: jmeno | F1: rfid | G1: nastup | H1: telefon | I1: adresa | J1: firma | K1: smena | L1: nepritomnost | M1: aktivni | N1: zastavka | O1: cílová stanice
A2: 1 | B2: 4984 | C2: 1 | D2: Koblanski | E2: Daniel Roman | F2: 0001932486 | G2: =IF(N2<>"",VLOOKUP(N2,zastavky!E:F,2,FALSE),"") -> 21 | H2: 48661131885 | I2: Rzemieslnicza 16, Marklowice, 44-321 | J2: 1 | K2: R | M2: 1 | N2: SK822SC SCANIA BATZ - Szeroka / Jastrzębie Zdrój / Wodzislaw Sl. 10 Wodzisław Śląski stacja paliw Circle K/McDonalds | O2: KMJ | P2: ="update zamestnanci set os_cislo='" & C2 & "', rfid='" & F2 & "',cilova='" & O2 & "',nastup='" & G2 & "' where os_cislo='" & C2 & "';" -> update zamestnanci set os_cislo='1', rfid='0001932486',cilova='KMJ',nastup='21' where os_cislo='1';
A3: 2 | B3: 4832 | C3: 2 | D3: Plusa | E3: Jolanta Anastazja | F3: 0001812666 | G3: =IF(N3<>"",VLOOKUP(N3,zastavky!E:F,2,FALSE),"") -> 23 | H3: 48579875413 | I3: Wolnosci 106, Wodzislaw Slaski, 44-300 | J3: 1 | K3: R | M3: 1 | N3: SK822SC SCANIA BATZ - Szeroka / Jastrzębie Zdrój / Wodzislaw Sl. 12 Wodzisław Śląski ul. Bogumińska - Cmentarz, działki | O3: KMJ | P3: ="update zamestnanci set os_cislo='" & C3 & "', rfid='" & F3 & "',cilova='" & O3 & "',nastup='" & G3 & "' where os_cislo='" & C3 & "';" -> update zamestnanci set os_cislo='2', rfid='0001812666',cilova='KMJ',nastup='23' where os_cislo='2';
A4: 3 | B4: 4821 | C4: 3 | D4: Lapczyk | E4: Wiktoria Monika | F4: 0001203587 | G4: =IF(N4<>"",VLOOKUP(N4,zastavky!E:F,2,FALSE),"") -> 21 | H4: 48570354807 | I4: Stanislawa Moniuszki 24/57, Cieszyn, 43-400 | J4: 1 | K4: R | M4: 1 | N4: SK822SC SCANIA BATZ - Szeroka / Jastrzębie Zdrój / Wodzislaw Sl. 10 Wodzisław Śląski stacja paliw Circle K/McDonalds | O4: KMJ | P4: ="update zamestnanci set os_cislo='" & C4 & "', rfid='" & F4 & "',cilova='" & O4 & "',nastup='" & G4 & "' where os_cislo='" & C4 & "';" -> update zamestnanci set os_cislo='3', rfid='0001203587',cilova='KMJ',nastup='21' where os_cislo='3';
A5: 4 | B5: 4824 | C5: 4 | D5: Siemieniec | E5: Mirela Malgorzata | F5: 0001319249 | G5: =IF(N5<>"",VLOOKUP(N5,zastavky!E:F,2,FALSE),"") -> 26 | H5: 48534420008 | I5: Generala Sikorskiego 10, Gorzyce, 44-350 | J5: 1 | K5: R | M5: 1 | N5: SK822SC SCANIA BATZ - Szeroka / Jastrzębie Zdrój / Wodzislaw Sl. 15 UNIWAR | O5: KMJ | P5: ="update zamestnanci set os_cislo='" & C5 & "', rfid='" & F5 & "',cilova='" & O5 & "',nastup='" & G5 & "' where os_cislo='" & C5 & "';" -> update zamestnanci set os_cislo='4', rfid='0001319249',cilova='KMJ',nastup='26' where os_cislo='4';
A6: 5 | B6: 4816 | C6: 5 | D6: Tkocz | E6: Grazyna | F6: 0001348553 | G6: =IF(N6<>"",VLOOKUP(N6,zastavky!E:F,2,FALSE),"") -> 22 | H6: 48780473033 | I6: Rynek 19/4, Wodzislaw Slaski, 44-300 | J6: 1 | K6: R | M6: 1 | N6: SK822SC SCANIA BATZ - Szeroka / Jastrzębie Zdrój / Wodzislaw Sl. 11 Wodzisław Śląski Dworzec Autobus. Galeria Karuzela | O6: KMJ | P6: ="update zamestnanci set os_cislo='" & C6 & "', rfid='" & F6 & "',cilova='" & O6 & "',nastup='" & G6 & "' where os_cislo='" & C6 & "';" -> update zamestnanci set os_cislo='5', rfid='0001348553',cilova='KMJ',nastup='22' where os_cislo='5';
A7: 6 | B7: 4823 | C7: 6 | D7: Tomala | E7: Sabina Agata | F7: 0001213514 | G7: =IF(N7<>"",VLOOKUP(N7,zastavky!E:F,2,FALSE),"") -> 17 | H7: 48731071831 | I7: Truchana 36/12, Chorzow, 41-500 | J7: 1 | K7: R | M7: 1 | N7: SK822SC SCANIA BATZ - Szeroka / Jastrzębie Zdrój / Wodzislaw Sl. 6 Jastr.Zd. - Aleje Piłsudskiego SUPERSAM | O7: KMJ | P7: ="update zamestnanci set os_cislo='" & C7 & "', rfid='" & F7 & "',cilova='" & O7 & "',nastup='" & G7 & "' where os_cislo='" & C7 & "';" -> update zamestnanci set os_cislo='6', rfid='0001213514',cilova='KMJ',nastup='17' where os_cislo='6';
A8: 7 | B8: 5139 | C8: 7 | D8: Wisniewski | E8: Andrzej Jaroslaw | F8: 0001815983 | G8: =IF(N8<>"",VLOOKUP(N8,zastavky!E:F,2,FALSE),"") -> 21 | H8: 48577599086 | I8: Jana Kilinskiego 6, Marklowice, 44-321 | J8: 1 | K8: R | M8: 1 | N8: SK822SC SCANIA BATZ - Szeroka / Jastrzębie Zdrój / Wodzislaw Sl. 10 Wodzisław Śląski stacja paliw Circle K/McDonalds | O8: KMJ | P8: ="update zamestnanci set os_cislo='" & C8 & "', rfid='" & F8 & "',cilova='" & O8 & "',nastup='" & G8 & "' where os_cislo='" & C8 & "';" -> update zamestnanci set os_cislo='7', rfid='0001815983',cilova='KMJ',nastup='21' where os_cislo='7';
A9: 8 | B9: 4820 | C9: 8 | D9: Zdunek | E9: Patrycja | F9: 0003356249 | G9: =IF(N9<>"",VLOOKUP(N9,zastavky!E:F,2,FALSE),"") -> 100 | H9: 48535337339 | I9: Stanislawa Moniuszki 24/57, Cieszyn, 43-400 | J9: 1 | K9: R | M9: 1 | N9: Vlastní auto Zaměstnanci, co jezdí vlastní dopravou Vlastní auto | O9: KMJ | P9: ="update zamestnanci set os_cislo='" & C9 & "', rfid='" & F9 & "',cilova='" & O9 & "',nastup='" & G9 & "' where os_cislo='" & C9 & "';" -> update zamestnanci set os_cislo='8', rfid='0003356249',cilova='KMJ',nastup='100' where os_cislo='8';
A10: 29 | B10: 4617 | C10: 9 | D10: Karkoszka | E10: Justyna Agnieszka | F10: 0328432914 | G10: =IF(N10<>"",VLOOKUP(N10,zastavky!E:F,2,FALSE),"") -> 21 | H10: 48 576 673 042 | I10: Tysiaclecia 18/7, Wodzislaw Slaski, 44-300 | J10: 1 | K10: R | M10: 1 | N10: SK822SC SCANIA BATZ - Szeroka / Jastrzębie Zdrój / Wodzislaw Sl. 10 Wodzisław Śląski stacja paliw Circle K/McDonalds | O10: BATZ | P10: ="update zamestnanci set os_cislo='" & C10 & "', rfid='" & F10 & "',cilova='" & O10 & "',nastup='" & G10 & "' where os_cislo='" & C10 & "';" -> update zamestnanci set os_cislo='9', rfid='0328432914',cilova='BATZ',nastup='21' where os_cislo='9';
A11: 30 | B11: 5260 | C11: 10 | D11: Malec | E11: Julia Aleksandra | F11: 0328454862 | G11: =IF(N11<>"",VLOOKUP(N11,zastavky!E:F,2,FALSE),"") -> 17 | H11: 48 572 902 549 | I11: Malopolska 93/4, Jastrzebie-Zdrój, 44-335 | J11: 1 | K11: R | M11: 1 | N11: SK822SC SCANIA BATZ - Szeroka / Jastrzębie Zdrój / Wodzislaw Sl. 6 Jastr.Zd. - Aleje Piłsudskiego SUPERSAM | O11: BATZ | P11: ="update zamestnanci set os_cislo='" & C11 & "', rfid='" & F11 & "',cilova='" & O11 & "',nastup='" & G11 & "' where os_cislo='" & C11 & "';" -> update zamestnanci set os_cislo='10', rfid='0328454862',cilova='BATZ',nastup='17' where os_cislo='10';
A12: 31 | B12: 5129 | C12: 11 | D12: Buza | E12: Grazyna Aniela | F12: 0328432941 | G12: =IF(N12<>"",VLOOKUP(N12,zastavky!E:F,2,FALSE),"") -> 1 | H12: 48 788 217 740 | I12: Cicha 10, Gogolowa , 44-323 | J12: 1 | K12: R | M12: 1 | N12: SK822SC SCANIA BATZ - Szeroka / Jastrzębie Zdrój / Wodzislaw Sl. 1 Szeroka ul. Rybnicka | O12: BATZ | P12: ="update zamestnanci set os_cislo='" & C12 & "', rfid='" & F12 & "',cilova='" & O12 & "',nastup='" & G12 & "' where os_cislo='" & C12 & "';" -> update zamestnanci set os_cislo='11', rfid='0328432941',cilova='BATZ',nastup='1' where os_cislo='11';
A13: 32 | B13: 5275 | C13: 12 | D13: Pogoda | E13: Beata Anita | F13: 0348334221 | G13: =IF(N13<>"",VLOOKUP(N13,zastavky!E:F,2,FALSE),"") -> 21 | H13: 48 606 252 415 | I13: Rymera 247, Radlin, 44-310 | J13: 1 | K13: R | M13: 1 | N13: SK822SC SCANIA BATZ - Szeroka / Jastrzębie Zdrój / Wodzislaw Sl. 10 Wodzisław Śląski stacja paliw Circle K/McDonalds | O13: BATZ | P13: ="update zamestnanci set os_cislo='" & C13 & "', rfid='" & F13 & "',cilova='" & O13 & "',nastup='" & G13 & "' where os_cislo='" & C13 & "';" -> update zamestnanci set os_cislo='12', rfid='0348334221',cilova='BATZ',nastup='21' where os_cislo='12';
... A65: 90 | B65: 2069 | C65: 64 | D65: Debner | E65: Karolina | F65: 0301165689 | G65: =IF(N65<>"",VLOOKUP(N65,zastavky!E:F,2,FALSE),"") -> 17 | H65: 48 739 218 695 | I65: Promienna 5/201, Zory, 44-240 | J65: 1 | K65: R | M65: 1 | N65: SK822SC SCANIA BATZ - Szeroka / Jastrzębie Zdrój / Wodzislaw Sl. 6 Jastr.Zd. - Aleje Piłsudskiego SUPERSAM | O65: BATZ | P65: ="update zamestnanci set os_cislo='" & C65 & "', rfid='" & F65 & "',cilova='" & O65 & "',nastup='" & G65 & "' where os_cislo='" & C65 & "';" -> update zamestnanci set os_cislo='64', rfid='0301165689',cilova='BATZ',nastup='17' where os_cislo='64';
A66: 91 | B66: 2230 | C66: 65 | D66: Piechaczek | E66: Agnieszka | F66: 0272698616 | G66: =IF(N66<>"",VLOOKUP(N66,zastavky!E:F,2,FALSE),"") -> 19 | I66: Wiejska 21, Jastrzebie-Zdroj, 44-338 | J66: 1 | K66: R | M66: 1 | N66: SK822SC SCANIA BATZ - Szeroka / Jastrzębie Zdrój / Wodzislaw Sl. 8 Jastr.Zd. - Armii Krajowej | O66: BATZ | P66: ="update zamestnanci set os_cislo='" & C66 & "', rfid='" & F66 & "',cilova='" & O66 & "',nastup='" & G66 & "' where os_cislo='" & C66 & "';" -> update zamestnanci set os_cislo='65', rfid='0272698616',cilova='BATZ',nastup='19' where os_cislo='65';
A67: 92 | B67: 2945 | C67: 66 | D67: Francová | E67: Karolína | F67: 0289821261 | G67: =IF(N67<>"",VLOOKUP(N67,zastavky!E:F,2,FALSE),"") -> 27 | H67: 770 664 657 | I67: Hrnčířská 2003, Rožnov pod Radhoštěm, 756 61 | J67: 1 | K67: R | M67: 1 | N67: SK822SC SCANIA BATZ - Szeroka / Jastrzębie Zdrój / Wodzislaw Sl. 16 Ostrava Dřevoprodej | O67: BATZ | P67: ="update zamestnanci set os_cislo='" & C67 & "', rfid='" & F67 & "',cilova='" & O67 & "',nastup='" & G67 & "' where os_cislo='" & C67 & "';" -> update zamestnanci set os_cislo='66', rfid='0289821261',cilova='BATZ',nastup='27' where os_cislo='66';
A68: 93 | B68: 5175 | C68: 67 | D68: Wywiol | E68: Romeusz | F68: 0315321918 | G68: =IF(N68<>"",VLOOKUP(N68,zastavky!E:F,2,FALSE),"") -> 16 | H68: 48 574 677 081 | I68: Turystyczna 1, Jastrzebie-Zdrój, 44-335 | J68: 1 | K68: R | M68: 1 | N68: SK822SC SCANIA BATZ - Szeroka / Jastrzębie Zdrój / Wodzislaw Sl. 5 Jastr.Zd. - Al. Piłsudskiego - Os. Morcinka / Urząd Miasta | O68: BATZ | P68: ="update zamestnanci set os_cislo='" & C68 & "', rfid='" & F68 & "',cilova='" & O68 & "',nastup='" & G68 & "' where os_cislo='" & C68 & "';" -> update zamestnanci set os_cislo='67', rfid='0315321918',cilova='BATZ',nastup='16' where os_cislo='67';
A69: 94 | B69: 3257 | C69: 68 | D69: Starzyczny | E69: Joanna | F69: 0272698647 | G69: =IF(N69<>"",VLOOKUP(N69,zastavky!E:F,2,FALSE),"") -> 19 | H69: 48 693 474 209 | I69: Wiejska 9 A m.1, Jastrzebie-Zdrój, 44-338 | J69: 1 | K69: R | M69: 1 | N69: SK822SC SCANIA BATZ - Szeroka / Jastrzębie Zdrój / Wodzislaw Sl. 8 Jastr.Zd. - Armii Krajowej | O69: BATZ | P69: ="update zamestnanci set os_cislo='" & C69 & "', rfid='" & F69 & "',cilova='" & O69 & "',nastup='" & G69 & "' where os_cislo='" & C69 & "';" -> update zamestnanci set os_cislo='68', rfid='0272698647',cilova='BATZ',nastup='19' where os_cislo='68';
A70: 95 | B70: 3369 | C70: 69 | D70: Mottlová | E70: Markéta | F70: 0315321940 | G70: =IF(N70<>"",VLOOKUP(N70,zastavky!E:F,2,FALSE),"") -> 27 | H70: 720 578 148 | I70: Závodní 409/53, Ostrava - Hrabůvka, 700 30 | J70: 1 | K70: R | M70: 1 | N70: SK822SC SCANIA BATZ - Szeroka / Jastrzębie Zdrój / Wodzislaw Sl. 16 Ostrava Dřevoprodej | O70: BATZ | P70: ="update zamestnanci set os_cislo='" & C70 & "', rfid='" & F70 & "',cilova='" & O70 & "',nastup='" & G70 & "' where os_cislo='" & C70 & "';" -> update zamestnanci set os_cislo='69', rfid='0315321940',cilova='BATZ',nastup='27' where os_cislo='69';
A71: 96 | B71: 3078 | C71: 70 | D71: Niznik | E71: Boguslaw | F71: 0315321941 | G71: =IF(N71<>"",VLOOKUP(N71,zastavky!E:F,2,FALSE),"") -> 21 | I71: Dygasinskiego 33, Pszów, 44-370 | J71: 1 | K71: R | M71: 1 | N71: SK822SC SCANIA BATZ - Szeroka / Jastrzębie Zdrój / Wodzislaw Sl. 10 Wodzisław Śląski stacja paliw Circle K/McDonalds | O71: BATZ | P71: ="update zamestnanci set os_cislo='" & C71 & "', rfid='" & F71 & "',cilova='" & O71 & "',nastup='" & G71 & "' where os_cislo='" & C71 & "';" -> update zamestnanci set os_cislo='70', rfid='0315321941',cilova='BATZ',nastup='21' where os_cislo='70';
A72: 97 | B72: 3721 | C72: 71 | D72: Fitrzyková | E72: Jana | F72: 0328604658 | G72: =IF(N72<>"",VLOOKUP(N72,zastavky!E:F,2,FALSE),"") -> 27 | H72: 704 188 141 | I72: Těšínská 87/281, Ostrava - Radvanice, 716 00 | J72: 1 | K72: R | M72: 1 | N72: SK822SC SCANIA BATZ - Szeroka / Jastrzębie Zdrój / Wodzislaw Sl. 16 Ostrava Dřevoprodej | O72: BATZ | P72: ="update zamestnanci set os_cislo='" & C72 & "', rfid='" & F72 & "',cilova='" & O72 & "',nastup='" & G72 & "' where os_cislo='" & C72 & "';" -> update zamestnanci set os_cislo='71', rfid='0328604658',cilova='BATZ',nastup='27' where os_cislo='71';
A73: 98 | B73: 3729 | C73: 72 | D73: Chodinský | E73: Jakub | F73: 0328608672 | G73: =IF(N73<>"",VLOOKUP(N73,zastavky!E:F,2,FALSE),"") -> 27 | H73: 735 997 947 | I73: Vyškovická 447/153 , Ostrava - Výškovice, 700 30 | J73: 1 | K73: R | M73: 1 | N73: SK822SC SCANIA BATZ - Szeroka / Jastrzębie Zdrój / Wodzislaw Sl. 16 Ostrava Dřevoprodej | O73: BATZ | P73: ="update zamestnanci set os_cislo='" & C73 & "', rfid='" & F73 & "',cilova='" & O73 & "',nastup='" & G73 & "' where os_cislo='" & C73 & "';" -> update zamestnanci set os_cislo='72', rfid='0328608672',cilova='BATZ',nastup='27' where os_cislo='72';
A74: 99 | B74: 3728 | C74: 73 | D74: Chodinský | E74: Rostislav | F74: 0301165667 | G74: =IF(N74<>"",VLOOKUP(N74,zastavky!E:F,2,FALSE),"") -> 27 | H74: 735 883 940 | I74: Vyškovická 447/153 , Ostrava - Výškovice, 700 30 | J74: 1 | K74: R | M74: 1 | N74: SK822SC SCANIA BATZ - Szeroka / Jastrzębie Zdrój / Wodzislaw Sl. 16 Ostrava Dřevoprodej | O74: BATZ | P74: ="update zamestnanci set os_cislo='" & C74 & "', rfid='" & F74 & "',cilova='" & O74 & "',nastup='" & G74 & "' where os_cislo='" & C74 & "';" -> update zamestnanci set os_cislo='73', rfid='0301165667',cilova='BATZ',nastup='27' where os_cislo='73';
A75: 100 | B75: 4365 | C75: 74 | D75: Šostá | E75: Ivana | F75: 0315325893 | G75: =IF(N75<>"",VLOOKUP(N75,zastavky!E:F,2,FALSE),"") -> 27 | H75: 702 897 627 | I75: Hulvácká 1399/11a, Ostrava-Zábřeh , 700 30 | J75: 1 | K75: R | M75: 1 | N75: SK822SC SCANIA BATZ - Szeroka / Jastrzębie Zdrój / Wodzislaw Sl. 16 Ostrava Dřevoprodej | O75: BATZ | P75: ="update zamestnanci set os_cislo='" & C75 & "', rfid='" & F75 & "',cilova='" & O75 & "',nastup='" & G75 & "' where os_cislo='" & C75 & "';" -> update zamestnanci set os_cislo='74', rfid='0315325893',cilova='BATZ',nastup='27' where os_cislo='74';
A76: 101 | B76: 3284 | C76: 75 | D76: Matuszczyk | E76: Beata | F76: 0328608668 | G76: =IF(N76<>"",VLOOKUP(N76,zastavky!E:F,2,FALSE),"") -> 20 | H76: 48 692 755 081 | I76: Górnicza 38/23, Jastrzebie-Zdroj, 44-335 | J76: 1 | K76: R | M76: 1 | N76: SK822SC SCANIA BATZ - Szeroka / Jastrzębie Zdrój / Wodzislaw Sl. 9 Mszana | O76: BATZ | P76: ="update zamestnanci set os_cislo='" & C76 & "', rfid='" & F76 & "',cilova='" & O76 & "',nastup='" & G76 & "' where os_cislo='" & C76 & "';" -> update zamestnanci set os_cislo='75', rfid='0328608668',cilova='BATZ',nastup='20' where os_cislo='75';
A77: 102 | B77: 4326 | C77: 76 | D77: Lázoková | E77: Darina | F77: 0328608677 | G77: =IF(N77<>"",VLOOKUP(N77,zastavky!E:F,2,FALSE),"") -> 28 | H77: 705 926 915 | I77: Lidická 539, Třinec - Lyžbice, 739 61 | J77: 1 | K77: R | M77: 1 | N77: SK822SC SCANIA BATZ - Szeroka / Jastrzębie Zdrój / Wodzislaw Sl. 17 Frýdek - Místek autobusová zastávka Benzina - KMJ | O77: BATZ | P77: ="update zamestnanci set os_cislo='" & C77 & "', rfid='" & F77 & "',cilova='" & O77 & "',nastup='" & G77 & "' where os_cislo='" & C77 & "';" -> update zamestnanci set os_cislo='76', rfid='0328608677',cilova='BATZ',nastup='28' where os_cislo='76';
A78: 103 | B78: 4442 | C78: 77 | D78: Pajor | E78: Artur | F78: 0301165649 | G78: =IF(N78<>"",VLOOKUP(N78,zastavky!E:F,2,FALSE),"") -> 20 | H78: 48 731 773 661 | I78: Gustawa Morcinka 8/6, Jastrzebie-Zdroj, 44-335 | J78: 1 | K78: R | M78: 1 | N78: SK822SC SCANIA BATZ - Szeroka / Jastrzębie Zdrój / Wodzislaw Sl. 9 Mszana | O78: BATZ | P78: ="update zamestnanci set os_cislo='" & C78 & "', rfid='" & F78 & "',cilova='" & O78 & "',nastup='" & G78 & "' where os_cislo='" & C78 & "';" -> update zamestnanci set os_cislo='77', rfid='0301165649',cilova='BATZ',nastup='20' where os_cislo='77';
A79: 104 | B79: 3871 | C79: 78 | D79: Neudert | E79: Pavel | F79: 0370053055 | G79: =IF(N79<>"",VLOOKUP(N79,zastavky!E:F,2,FALSE),"") -> 28 | H79: 704 717 533 | I79: Horní 791/3, Ostrava - Hrabůvka, 700 30 | J79: 1 | K79: R | M79: 1 | N79: SK822SC SCANIA BATZ - Szeroka / Jastrzębie Zdrój / Wodzislaw Sl. 17 Frýdek - Místek autobusová zastávka Benzina - KMJ | O79: BATZ | P79: ="update zamestnanci set os_cislo='" & C79 & "', rfid='" & F79 & "',cilova='" & O79 & "',nastup='" & G79 & "' where os_cislo='" & C79 & "';" -> update zamestnanci set os_cislo='78', rfid='0370053055',cilova='BATZ',nastup='28' where os_cislo='78';
A80: 105 | B80: 3920 | C80: 79 | D80: Krzenek | E80: Ryszarda | F80: 0315325856 | G80: =IF(N80<>"",VLOOKUP(N80,zastavky!E:F,2,FALSE),"") -> 14 | H80: 48 725 009 441 | I80: Skrajna 4 m.6, Cieszyn, 43-400 | J80: 1 | K80: R | M80: 1 | N80: SPRINTER / OPEL BATZ - Źory / Cieszyn Cieszyn McDonalds | O80: BATZ | P80: ="update zamestnanci set os_cislo='" & C80 & "', rfid='" & F80 & "',cilova='" & O80 & "',nastup='" & G80 & "' where os_cislo='" & C80 & "';" -> update zamestnanci set os_cislo='79', rfid='0315325856',cilova='BATZ',nastup='14' where os_cislo='79';
A81: 106 | B81: 4622 | C81: 80 | D81: Starosta | E81: Barbara | F81: 0328443818 | G81: =IF(N81<>"",VLOOKUP(N81,zastavky!E:F,2,FALSE),"") -> 21 | H81: 48 735 049 358 | I81: Radlinska 147, Wodzislaw Slaski, 44-300 | J81: 1 | K81: R | M81: 1 | N81: SK822SC SCANIA BATZ - Szeroka / Jastrzębie Zdrój / Wodzislaw Sl. 10 Wodzisław Śląski stacja paliw Circle K/McDonalds | O81: BATZ | P81: ="update zamestnanci set os_cislo='" & C81 & "', rfid='" & F81 & "',cilova='" & O81 & "',nastup='" & G81 & "' where os_cislo='" & C81 & "';" -> update zamestnanci set os_cislo='80', rfid='0328443818',cilova='BATZ',nastup='21' where os_cislo='80';
A82: 108 | B82: 4719 | C82: 81 | D82: Paczowski | E82: Michal | F82: 0328611446 | G82: =IF(N82<>"",VLOOKUP(N82,zastavky!E:F,2,FALSE),"") -> 5 | H82: 48 535 384 403 | I82: Turnawiec 9,Turnawiec, 28-506 | J82: 1 | K82: R | M82: 1 | N82: SPRINTER / OPEL BATZ - Źory / Cieszyn Źory - Sąd Rejonowy | O82: BATZ | P82: ="update zamestnanci set os_cislo='" & C82 & "', rfid='" & F82 & "',cilova='" & O82 & "',nastup='" & G82 & "' where os_cislo='" & C82 & "';" -> update zamestnanci set os_cislo='81', rfid='0328611446',cilova='BATZ',nastup='5' where os_cislo='81';
A83: 109 | B83: 2463 | C83: 82 | D83: Krensel | E83: Maria | F83: 0289910254 | G83: =IF(N83<>"",VLOOKUP(N83,zastavky!E:F,2,FALSE),"") -> 100 | H83: 48 888 278 520 | I83: Poprzeczna 16/8, Jastrzebie-Zdrój, 44-330 | J83: 1 | K83: R | M83: 1 | N83: Vlastní auto Zaměstnanci, co jezdí vlastní dopravou Vlastní auto | O83: BATZ | P83: ="update zamestnanci set os_cislo='" & C83 & "', rfid='" & F83 & "',cilova='" & O83 & "',nastup='" & G83 & "' where os_cislo='" & C83 & "';" -> update zamestnanci set os_cislo='82', rfid='0289910254',cilova='BATZ',nastup='100' where os_cislo='82';
... A149: 584 | B149: 5276 | C149: 148 | D149: Frackiewicz | E149: Mateusz Dawid | F149: 0348387302 | G149: =IF(N149<>"",VLOOKUP(N149,zastavky!E:F,2,FALSE),"") -> 127 | H149: +48 570 980 131 | I149: Os. Generala Sikorskiego 22 I/1, Zory, 44-240 | J149: 3 | K149: R | M149: 1 | N149: Pielasa TATRA 1 Niedobczyce - PKP | O149: TATRA | P149: ="update zamestnanci set os_cislo='" & C149 & "', rfid='" & F149 & "',cilova='" & O149 & "',nastup='" & G149 & "' where os_cislo='" & C149 & "';" -> update zamestnanci set os_cislo='148', rfid='0348387302',cilova='TATRA',nastup='127' where os_cislo='148';
A150: 585 | B150: 5228 | C150: 149 | D150: Galus | E150: Wojciech Jan | F150: 0357229219 | G150: =IF(N150<>"",VLOOKUP(N150,zastavky!E:F,2,FALSE),"") | H150: +48 784 259 034 | I150: Kaszubska 10/9, Jastrzebie Zdroj, 44-335 | J150: 3 | K150: R | M150: 1 | O150: TATRA | P150: ="update zamestnanci set os_cislo='" & C150 & "', rfid='" & F150 & "',cilova='" & O150 & "',nastup='" & G150 & "' where os_cislo='" & C150 & "';" -> update zamestnanci set os_cislo='149', rfid='0357229219',cilova='TATRA',nastup='' where os_cislo='149';
A151: 586 | B151: 5055 | C151: 150 | D151: Chmielewski | E151: Arkadiusz Antoni | F151: 0369911673 | G151: =IF(N151<>"",VLOOKUP(N151,zastavky!E:F,2,FALSE),"") -> 133 | H151: +48 574 635 493 | I151: 26 Marca 29/24, Wodzislaw Slaski, 44-300 | J151: 3 | K151: R | M151: 1 | N151: Pielasa TATRA 1 Wodzisław Śląski - PKP | O151: TATRA | P151: ="update zamestnanci set os_cislo='" & C151 & "', rfid='" & F151 & "',cilova='" & O151 & "',nastup='" & G151 & "' where os_cislo='" & C151 & "';" -> update zamestnanci set os_cislo='150', rfid='0369911673',cilova='TATRA',nastup='133' where os_cislo='150';
A152: 587 | B152: 4768 | C152: 151 | D152: Jacewicz | E152: Jakub Jacek | F152: 0369947420 | G152: =IF(N152<>"",VLOOKUP(N152,zastavky!E:F,2,FALSE),"") -> 113 | H152: +48 500 754 433 | I152: Mikołaja Witczaka 4c/7, Jastrzębie-Zdrój, 44-335 | J152: 3 | K152: R | M152: 1 | N152: Pielasa TATRA 1 Jastrzębie Zdroj - Czarny Rycerz | O152: TATRA | P152: ="update zamestnanci set os_cislo='" & C152 & "', rfid='" & F152 & "',cilova='" & O152 & "',nastup='" & G152 & "' where os_cislo='" & C152 & "';" -> update zamestnanci set os_cislo='151', rfid='0369947420',cilova='TATRA',nastup='113' where os_cislo='151';
A153: 588 | B153: 5113 | C153: 152 | D153: Janiczek | E153: Kamil Patryk | F153: 0369978365 | G153: =IF(N153<>"",VLOOKUP(N153,zastavky!E:F,2,FALSE),"") -> 29 | H153: +48 884 337 008 | I153: os. 1000-lecia 8/25, Jastrzebie Zdroj, 44-268 | J153: 3 | K153: R | M153: 1 | N153: Pielasa TATRA 1 Żory - Sąd | O153: TATRA | P153: ="update zamestnanci set os_cislo='" & C153 & "', rfid='" & F153 & "',cilova='" & O153 & "',nastup='" & G153 & "' where os_cislo='" & C153 & "';" -> update zamestnanci set os_cislo='152', rfid='0369978365',cilova='TATRA',nastup='29' where os_cislo='152';
A154: 589 | B154: 5227 | C154: 153 | D154: Jazdzewski | E154: Robert Lukasz | F154: 0357221234 | G154: =IF(N154<>"",VLOOKUP(N154,zastavky!E:F,2,FALSE),"") -> 31 | H154: +48 789 769 471 | I154: Os. 1000-Lecia 7/57, Jastrzebie Zdroj, 44-268 | J154: 3 | K154: R | M154: 1 | N154: Pielasa TATRA 1 Jastrzębie Zdroj - Szeroka | O154: TATRA | P154: ="update zamestnanci set os_cislo='" & C154 & "', rfid='" & F154 & "',cilova='" & O154 & "',nastup='" & G154 & "' where os_cislo='" & C154 & "';" -> update zamestnanci set os_cislo='153', rfid='0357221234',cilova='TATRA',nastup='31' where os_cislo='153';
A155: 590 | B155: 4680 | C155: 154 | D155: Kala | E155: Janusz Eryk | F155: 0000916535 | G155: =IF(N155<>"",VLOOKUP(N155,zastavky!E:F,2,FALSE),"") -> 29 | H155: +48 537 097 454 | I155: Boryńska 23, Zory, 44-244 | J155: 3 | K155: R | M155: 1 | N155: Pielasa TATRA 1 Żory - Sąd | O155: TATRA | P155: ="update zamestnanci set os_cislo='" & C155 & "', rfid='" & F155 & "',cilova='" & O155 & "',nastup='" & G155 & "' where os_cislo='" & C155 & "';" -> update zamestnanci set os_cislo='154', rfid='0000916535',cilova='TATRA',nastup='29' where os_cislo='154';
A156: 591 | B156: 4998 | C156: 155 | D156: Karkoszka | E156: Michal Ireneusz | G156: =IF(N156<>"",VLOOKUP(N156,zastavky!E:F,2,FALSE),"") -> 133 | H156: +48 609 723 587 | I156: 1000-lecia 18/7, Wodzislaw Slaski, 44-300 | J156: 3 | K156: R | M156: 1 | N156: Pielasa TATRA 1 Wodzisław Śląski - PKP | O156: TATRA | P156: ="update zamestnanci set os_cislo='" & C156 & "', rfid='" & F156 & "',cilova='" & O156 & "',nastup='" & G156 & "' where os_cislo='" & C156 & "';" -> update zamestnanci set os_cislo='155', rfid='',cilova='TATRA',nastup='133' where os_cislo='155';
A157: 592 | B157: 3695 | C157: 156 | D157: Kovařčik | E157: Tomáš | F157: 0013126893 | G157: =IF(N157<>"",VLOOKUP(N157,zastavky!E:F,2,FALSE),"") -> 100 | H157: 739764081 | I157: Lázky 1319, Vsetín, 755 01 | J157: 3 | K157: R | M157: 1 | N157: Vlastní auto Zaměstnanci, co jezdí vlastní dopravou Vlastní auto | O157: TATRA | P157: ="update zamestnanci set os_cislo='" & C157 & "', rfid='" & F157 & "',cilova='" & O157 & "',nastup='" & G157 & "' where os_cislo='" & C157 & "';" -> update zamestnanci set os_cislo='156', rfid='0013126893',cilova='TATRA',nastup='100' where os_cislo='156';
A158: 593 | B158: 5034 | C158: 157 | D158: Kowalczyk | E158: Przemyslaw Krzysztof | F158: 0369919018 | G158: =IF(N158<>"",VLOOKUP(N158,zastavky!E:F,2,FALSE),"") -> 29 | H158: +48 537 100 679 | I158: Aleja Wojska Polskiego 21/21, Zory, 44-240 | J158: 3 | K158: R | M158: 1 | N158: Pielasa TATRA 1 Żory - Sąd | O158: TATRA | P158: ="update zamestnanci set os_cislo='" & C158 & "', rfid='" & F158 & "',cilova='" & O158 & "',nastup='" & G158 & "' where os_cislo='" & C158 & "';" -> update zamestnanci set os_cislo='157', rfid='0369919018',cilova='TATRA',nastup='29' where os_cislo='157';
A159: 594 | B159: 5149 | C159: 158 | D159: Lata | E159: Stanislaw | G159: =IF(N159<>"",VLOOKUP(N159,zastavky!E:F,2,FALSE),"") | H159: +48 789 787 147 | I159: Boleslawa Prusa 2/1, Wodzislaw Slaski, 44-300 | J159: 3 | K159: R | M159: 1 | O159: TATRA | P159: ="update zamestnanci set os_cislo='" & C159 & "', rfid='" & F159 & "',cilova='" & O159 & "',nastup='" & G159 & "' where os_cislo='" & C159 & "';" -> update zamestnanci set os_cislo='158', rfid='',cilova='TATRA',nastup='' where os_cislo='158';
A160: 595 | B160: 4850 | C160: 159 | D160: Loter | E160: Dawid Seweryn | F160: 0009644271 | G160: =IF(N160<>"",VLOOKUP(N160,zastavky!E:F,2,FALSE),"") -> 133 | H160: +48 794 581 733 | I160: Rynek 27/7, Wodzisław Śląski, 44-300 | J160: 3 | K160: R | M160: 1 | N160: Pielasa TATRA 1 Wodzisław Śląski - PKP | O160: TATRA | P160: ="update zamestnanci set os_cislo='" & C160 & "', rfid='" & F160 & "',cilova='" & O160 & "',nastup='" & G160 & "' where os_cislo='" & C160 & "';" -> update zamestnanci set os_cislo='159', rfid='0009644271',cilova='TATRA',nastup='133' where os_cislo='159';
A161: 596 | B161: 4851 | C161: 160 | D161: Lysejko | E161: Jaroslaw | F161: 0009580102 | G161: =IF(N161<>"",VLOOKUP(N161,zastavky!E:F,2,FALSE),"") -> 100 | H161: +48 797 697 888 | I161: 26 Marca 19/1, Wodzisław Śląski, 44-300 | J161: 3 | K161: R | M161: 1 | N161: Vlastní auto Zaměstnanci, co jezdí vlastní dopravou Vlastní auto | O161: TATRA | P161: ="update zamestnanci set os_cislo='" & C161 & "', rfid='" & F161 & "',cilova='" & O161 & "',nastup='" & G161 & "' where os_cislo='" & C161 & "';" -> update zamestnanci set os_cislo='160', rfid='0009580102',cilova='TATRA',nastup='100' where os_cislo='160';
A162: 597 | B162: 4237 | C162: 161 | D162: Marczewski | E162: Robert Wieslaw | F162: 0000904527 | G162: =IF(N162<>"",VLOOKUP(N162,zastavky!E:F,2,FALSE),"") -> 33 | H162: +48 606 131 964 | I162: Malchera 29/9, Jastrzebie-Zdroj, 44335 | J162: 3 | K162: R | M162: 1 | N162: Pielasa TATRA 1 Jastrzębie Zdroj - Małopolska | O162: TATRA | P162: ="update zamestnanci set os_cislo='" & C162 & "', rfid='" & F162 & "',cilova='" & O162 & "',nastup='" & G162 & "' where os_cislo='" & C162 & "';" -> update zamestnanci set os_cislo='161', rfid='0000904527',cilova='TATRA',nastup='33' where os_cislo='161';
A163: 598 | B163: 1993 | C163: 162 | D163: Moravec | E163: Jan | F163: 0013055947 | G163: =IF(N163<>"",VLOOKUP(N163,zastavky!E:F,2,FALSE),"") -> 100 | H163: 736 120 949 | I163: Čujkovova 1738/34, Ostrava-Zábřeh, 70030 | J163: 3 | K163: R | M163: 1 | N163: Vlastní auto Zaměstnanci, co jezdí vlastní dopravou Vlastní auto | O163: TATRA | P163: ="update zamestnanci set os_cislo='" & C163 & "', rfid='" & F163 & "',cilova='" & O163 & "',nastup='" & G163 & "' where os_cislo='" & C163 & "';" -> update zamestnanci set os_cislo='162', rfid='0013055947',cilova='TATRA',nastup='100' where os_cislo='162';
A164: 599 | B164: 3379 | C164: 163 | D164: Nawara | E164: Bartosz Pawel | F164: 0009586730 | G164: =IF(N164<>"",VLOOKUP(N164,zastavky!E:F,2,FALSE),"") -> 123 | H164: +48 507 556 613 | I164: Krakowska 1/16, Jastrzebie-Zdrój, 44-335 | J164: 3 | K164: R | M164: 1 | N164: Pielasa TATRA 1 Rybnik - Dworek | O164: TATRA | P164: ="update zamestnanci set os_cislo='" & C164 & "', rfid='" & F164 & "',cilova='" & O164 & "',nastup='" & G164 & "' where os_cislo='" & C164 & "';" -> update zamestnanci set os_cislo='163', rfid='0009586730',cilova='TATRA',nastup='123' where os_cislo='163';
A165: 600 | B165: 4693 | C165: 164 | D165: Pawliczek | E165: Wojciech Roman | F165: 0000920818 | G165: =IF(N165<>"",VLOOKUP(N165,zastavky!E:F,2,FALSE),"") -> 127 | H165: +48 510 626 854 | I165: Jana Onufrego Zagłoby 24, Rybnik, 44-270 | J165: 3 | K165: R | M165: 1 | N165: Pielasa TATRA 1 Niedobczyce - PKP | O165: TATRA | P165: ="update zamestnanci set os_cislo='" & C165 & "', rfid='" & F165 & "',cilova='" & O165 & "',nastup='" & G165 & "' where os_cislo='" & C165 & "';" -> update zamestnanci set os_cislo='164', rfid='0000920818',cilova='TATRA',nastup='127' where os_cislo='164';
A166: 601 | B166: 4044 | C166: 165 | D166: Pitel | E166: Jiří | F166: 0011818564 | G166: =IF(N166<>"",VLOOKUP(N166,zastavky!E:F,2,FALSE),"") -> 100 | H166: 731907245 | I166: Dr.Čejky 1518, Příbor, 742 58 | J166: 3 | K166: R | M166: 1 | N166: Vlastní auto Zaměstnanci, co jezdí vlastní dopravou Vlastní auto | O166: TATRA | P166: ="update zamestnanci set os_cislo='" & C166 & "', rfid='" & F166 & "',cilova='" & O166 & "',nastup='" & G166 & "' where os_cislo='" & C166 & "';" -> update zamestnanci set os_cislo='165', rfid='0011818564',cilova='TATRA',nastup='100' where os_cislo='165';
A167: 602 | B167: 5111 | C167: 166 | D167: Porczyk | E167: Patryk Szymon | F167: 0369965510 | G167: =IF(N167<>"",VLOOKUP(N167,zastavky!E:F,2,FALSE),"") -> 119 | H167: +48 792 561 006 | I167: Patriotow 8B/7, Rybnik, 44-253 | J167: 3 | K167: R | M167: 1 | N167: Pielasa TATRA 1 Jankowice Świerklańska 81 - DINO | O167: TATRA | P167: ="update zamestnanci set os_cislo='" & C167 & "', rfid='" & F167 & "',cilova='" & O167 & "',nastup='" & G167 & "' where os_cislo='" & C167 & "';" -> update zamestnanci set os_cislo='166', rfid='0369965510',cilova='TATRA',nastup='119' where os_cislo='166';
A168: 603 | B168: 5039 | C168: 167 | D168: Prudel | E168: Mateusz Stanislaw | F168: 0369972253 | G168: =IF(N168<>"",VLOOKUP(N168,zastavky!E:F,2,FALSE),"") -> 32 | H168: +48 694 806 434 | I168: Kreta 1G/4, Pawlowice, 43-251 | J168: 3 | K168: R | M168: 1 | N168: Pielasa TATRA 1 Jastrzębie Zdroj - Aldi | O168: TATRA | P168: ="update zamestnanci set os_cislo='" & C168 & "', rfid='" & F168 & "',cilova='" & O168 & "',nastup='" & G168 & "' where os_cislo='" & C168 & "';" -> update zamestnanci set os_cislo='167', rfid='0369972253',cilova='TATRA',nastup='32' where os_cislo='167';
A169: 604 | B169: 5210 | C169: 168 | D169: Rost | E169: Szymon Mariusz | F169: 0357225412 | G169: =IF(N169<>"",VLOOKUP(N169,zastavky!E:F,2,FALSE),"") -> 32 | H169: +48 572 303 066 | I169: Kurpiowska 11/5, Jastrzebie Zdroj, 44-335 | J169: 3 | K169: R | M169: 1 | N169: Pielasa TATRA 1 Jastrzębie Zdroj - Aldi | O169: TATRA | P169: ="update zamestnanci set os_cislo='" & C169 & "', rfid='" & F169 & "',cilova='" & O169 & "',nastup='" & G169 & "' where os_cislo='" & C169 & "';" -> update zamestnanci set os_cislo='168', rfid='0357225412',cilova='TATRA',nastup='32' where os_cislo='168';
A170: 605 | B170: 5087 | C170: 169 | D170: Rozy | E170: Lukasz | F170: 0369951690 | G170: =IF(N170<>"",VLOOKUP(N170,zastavky!E:F,2,FALSE),"") -> 31 | H170: +48 787 366 585 | I170: osiedle 1000-lecia 15B/34, Jastrzębie-Zdrój, 44-268 | J170: 3 | K170: R | M170: 1 | N170: Pielasa TATRA 1 Jastrzębie Zdroj - Szeroka | O170: TATRA | P170: ="update zamestnanci set os_cislo='" & C170 & "', rfid='" & F170 & "',cilova='" & O170 & "',nastup='" & G170 & "' where os_cislo='" & C170 & "';" -> update zamestnanci set os_cislo='169', rfid='0369951690',cilova='TATRA',nastup='31' where os_cislo='169';
A171: 606 | B171: 5074 | C171: 170 | D171: Salapa | E171: Damian Slawomir | F171: 0369916310 | G171: =IF(N171<>"",VLOOKUP(N171,zastavky!E:F,2,FALSE),"") -> 33 | H171: +48 512 157 227 | I171: Wielkopolska 11/19, Jastrzebie Zdroj, 44-335 | J171: 3 | K171: R | M171: 1 | N171: Pielasa TATRA 1 Jastrzębie Zdroj - Małopolska | O171: TATRA | P171: ="update zamestnanci set os_cislo='" & C171 & "', rfid='" & F171 & "',cilova='" & O171 & "',nastup='" & G171 & "' where os_cislo='" & C171 & "';" -> update zamestnanci set os_cislo='170', rfid='0369916310',cilova='TATRA',nastup='33' where os_cislo='170';
... A175: 610 | B175: 5220 | C175: 174 | D175: Weinreich | E175: Piotr Grzegorz | F175: 0348370747 | G175: =IF(N175<>"",VLOOKUP(N175,zastavky!E:F,2,FALSE),"") -> 123 | H175: +48 531 385 792 | I175: Swietego Jozefa 18/19, Rybnik, 44-200 | J175: 3 | K175: R | M175: 1 | N175: Pielasa TATRA 1 Rybnik - Dworek | O175: TATRA | P175: ="update zamestnanci set os_cislo='" & C175 & "', rfid='" & F175 & "',cilova='" & O175 & "',nastup='" & G175 & "' where os_cislo='" & C175 & "';" -> update zamestnanci set os_cislo='174', rfid='0348370747',cilova='TATRA',nastup='123' where os_cislo='174';
A176: 611 | B176: 5258 | C176: 175 | D176: Wojaczek | E176: Kamil Piotr | G176: =IF(N176<>"",VLOOKUP(N176,zastavky!E:F,2,FALSE),"") | H176: +48 579 292 424 | I176: Wankowicza 44D, Wodzislaw Slaski, 44-313 | J176: 3 | K176: R | M176: 1 | O176: TATRA | P176: ="update zamestnanci set os_cislo='" & C176 & "', rfid='" & F176 & "',cilova='" & O176 & "',nastup='" & G176 & "' where os_cislo='" & C176 & "';" -> update zamestnanci set os_cislo='175', rfid='',cilova='TATRA',nastup='' where os_cislo='175';
A177: 612 | B177: 4095 | C177: 176 | D177: Zmudzinski | E177: Marek | F177: 0347606277 | G177: =IF(N177<>"",VLOOKUP(N177,zastavky!E:F,2,FALSE),"") -> 131 | H177: +48 880 075 790 | I177: Osiedle 30-Lecia 133/5, Wodzislaw Slaski, 44-286 | J177: 3 | K177: R | M177: 1 | N177: Pielasa TATRA 1 Wodzisław Śląski, Rybnicka 15 - SHELL | O177: TATRA | P177: ="update zamestnanci set os_cislo='" & C177 & "', rfid='" & F177 & "',cilova='" & O177 & "',nastup='" & G177 & "' where os_cislo='" & C177 & "';" -> update zamestnanci set os_cislo='176', rfid='0347606277',cilova='TATRA',nastup='131' where os_cislo='176';
A178: 613 | B178: 5073 | C178: 177 | D178: Zynda | E178: Wieslaw Józef | F178: 0369912861 | G178: =IF(N178<>"",VLOOKUP(N178,zastavky!E:F,2,FALSE),"") -> 33 | I178: Wielkopolska 5/4, Jastrzebie-Zdrój, 44335 | J178: 3 | K178: R | M178: 1 | N178: Pielasa TATRA 1 Jastrzębie Zdroj - Małopolska | O178: TATRA | P178: ="update zamestnanci set os_cislo='" & C178 & "', rfid='" & F178 & "',cilova='" & O178 & "',nastup='" & G178 & "' where os_cislo='" & C178 & "';" -> update zamestnanci set os_cislo='177', rfid='0369912861',cilova='TATRA',nastup='33' where os_cislo='177';
A179: 126 | B179: 4568 | C179: 178 | D179: Bartoszewska | E179: Justyna Anna | F179: 0011601691 | G179: =IF(N179<>"",VLOOKUP(N179,zastavky!E:F,2,FALSE),"") | H179: +48603109477 | I179: Generala Okulickiego, 51N, Rybnik, 44-274, PL | J179: 4 | K179: R | M179: 1 | O179: HILITE | P179: ="update zamestnanci set os_cislo='" & C179 & "', rfid='" & F179 & "',cilova='" & O179 & "',nastup='" & G179 & "' where os_cislo='" & C179 & "';" -> update zamestnanci set os_cislo='178', rfid='0011601691',cilova='HILITE',nastup='' where os_cislo='178';
A180: 127 | B180: 5074 | C180: 179 | D180: Bason | E180: Bartosz Pawel | F180: 0011642700 | G180: =IF(N180<>"",VLOOKUP(N180,zastavky!E:F,2,FALSE),"") | H180: +48 881 513 086 | I180: Modrzewiowa, 20, Kleszczowka, 44-240, PL | J180: 4 | K180: R | M180: 1 | O180: HILITE | P180: ="update zamestnanci set os_cislo='" & C180 & "', rfid='" & F180 & "',cilova='" & O180 & "',nastup='" & G180 & "' where os_cislo='" & C180 & "';" -> update zamestnanci set os_cislo='179', rfid='0011642700',cilova='HILITE',nastup='' where os_cislo='179';
A181: 128 | B181: 5126 | C181: 180 | D181: Biezunski | E181: Janusz Leszek | F181: 0012955543 | G181: =IF(N181<>"",VLOOKUP(N181,zastavky!E:F,2,FALSE),"") -> 57 | H181: +48 692 565 321 | I181: Os. Pawlikowskiego, 3G/2, Zory, 44-240, PL | J181: 4 | K181: R | M181: 1 | N181: Gawelek HILITE 2 Źory - McDonalds al. Zjednoczonej Europy 43 | O181: HILITE | P181: ="update zamestnanci set os_cislo='" & C181 & "', rfid='" & F181 & "',cilova='" & O181 & "',nastup='" & G181 & "' where os_cislo='" & C181 & "';" -> update zamestnanci set os_cislo='180', rfid='0012955543',cilova='HILITE',nastup='57' where os_cislo='180';
A182: 129 | B182: 5112 | C182: 181 | D182: Bogucka | E182: Marta Monika | F182: 0011686343 | G182: =IF(N182<>"",VLOOKUP(N182,zastavky!E:F,2,FALSE),"") | H182: +48 665 874 506 | I182: Ludwika Warynskiego, 4/11, Wodzislaw Slaski, 44-300, PL | J182: 4 | K182: R | M182: 1 | O182: HILITE | P182: ="update zamestnanci set os_cislo='" & C182 & "', rfid='" & F182 & "',cilova='" & O182 & "',nastup='" & G182 & "' where os_cislo='" & C182 & "';" -> update zamestnanci set os_cislo='181', rfid='0011686343',cilova='HILITE',nastup='' where os_cislo='181';
A183: 130 | B183: 5073 | C183: 182 | D183: Cieslar | E183: Daniel | F183: 0011675122 | G183: =IF(N183<>"",VLOOKUP(N183,zastavky!E:F,2,FALSE),"") -> 104 | H183: +48 731 712 224 | I183: Szarych Szeregow, 18/8, Jastrzebie Zdroj, 44-330, PL | J183: 4 | K183: R | M183: 1 | N183: Gawelek HILITE 2 Jastrzębie Zdroj - Zdrój | O183: HILITE | P183: ="update zamestnanci set os_cislo='" & C183 & "', rfid='" & F183 & "',cilova='" & O183 & "',nastup='" & G183 & "' where os_cislo='" & C183 & "';" -> update zamestnanci set os_cislo='182', rfid='0011675122',cilova='HILITE',nastup='104' where os_cislo='182';
A184: 131 | B184: 5072 | C184: 183 | D184: Cieslar | E184: Ewa | F184: 0012985653 | G184: =IF(N184<>"",VLOOKUP(N184,zastavky!E:F,2,FALSE),"") -> 104 | H184: +48 533 913 980 | I184: Szarych Szeregow, 18/8, Jastrzebie Zdroj, 44-330, PL | J184: 4 | K184: R | M184: 1 | N184: Gawelek HILITE 2 Jastrzębie Zdroj - Zdrój | O184: HILITE | P184: ="update zamestnanci set os_cislo='" & C184 & "', rfid='" & F184 & "',cilova='" & O184 & "',nastup='" & G184 & "' where os_cislo='" & C184 & "';" -> update zamestnanci set os_cislo='183', rfid='0012985653',cilova='HILITE',nastup='104' where os_cislo='183';
A185: 132 | B185: 4988 | C185: 184 | D185: Cygon | E185: Adam Marek | F185: 0013067733 | G185: =IF(N185<>"",VLOOKUP(N185,zastavky!E:F,2,FALSE),"") | H185: +48 690 822 113 | I185: ks. Henryka Joski, 27b/2, Rybnik, 44-217, PL | J185: 4 | K185: R | M185: 1 | O185: HILITE | P185: ="update zamestnanci set os_cislo='" & C185 & "', rfid='" & F185 & "',cilova='" & O185 & "',nastup='" & G185 & "' where os_cislo='" & C185 & "';" -> update zamestnanci set os_cislo='184', rfid='0013067733',cilova='HILITE',nastup='' where os_cislo='184';
A186: 133 | B186: 5023 | C186: 185 | D186: Gozdur | E186: Oliwia Katarzyna | F186: 0013058765 | G186: =IF(N186<>"",VLOOKUP(N186,zastavky!E:F,2,FALSE),"") -> 103 | H186: +48 791 369 259 | I186: Wroclawska, 15/33, Jastrzebie Zdroj, 44-335, PL | J186: 4 | K186: R | M186: 1 | N186: Gawelek HILITE 2 Jastrzębie Zdroj - Supersam | O186: HILITE | P186: ="update zamestnanci set os_cislo='" & C186 & "', rfid='" & F186 & "',cilova='" & O186 & "',nastup='" & G186 & "' where os_cislo='" & C186 & "';" -> update zamestnanci set os_cislo='185', rfid='0013058765',cilova='HILITE',nastup='103' where os_cislo='185';
A187: 134 | B187: 4808 | C187: 186 | D187: Grabiec | E187: Joanna Ewelina | F187: 0012991063 | G187: =IF(N187<>"",VLOOKUP(N187,zastavky!E:F,2,FALSE),"") -> 56 | H187: +48 792 586 210 | I187: Zorska, 83, Orzesze, 43-180, PL | J187: 4 | K187: R | M187: 1 | N187: Gawelek HILITE 2 Źory - Netto ul. Dworcowa | O187: HILITE | P187: ="update zamestnanci set os_cislo='" & C187 & "', rfid='" & F187 & "',cilova='" & O187 & "',nastup='" & G187 & "' where os_cislo='" & C187 & "';" -> update zamestnanci set os_cislo='186', rfid='0012991063',cilova='HILITE',nastup='56' where os_cislo='186';
A188: 135 | B188: 5068 | C188: 187 | D188: Guzowska | E188: Danuta Maria | F188: 0011598583 | G188: =IF(N188<>"",VLOOKUP(N188,zastavky!E:F,2,FALSE),"") | H188: +48 693 063 451 | I188: Prusa, 3/1, Wodzislaw Slaski, 44-300, PL | J188: 4 | K188: R | M188: 1 | O188: HILITE | P188: ="update zamestnanci set os_cislo='" & C188 & "', rfid='" & F188 & "',cilova='" & O188 & "',nastup='" & G188 & "' where os_cislo='" & C188 & "';" -> update zamestnanci set os_cislo='187', rfid='0011598583',cilova='HILITE',nastup='' where os_cislo='187';
A189: 136 | B189: 4639 | C189: 188 | D189: Herman | E189: Zaneta Katarzyna | F189: 0012971953 | G189: =IF(N189<>"",VLOOKUP(N189,zastavky!E:F,2,FALSE),"") | H189: 661 051 789 | I189: Irysowa, 13 B m.9, Radlin, 44-310, PL | J189: 4 | K189: R | M189: 1 | O189: HILITE | P189: ="update zamestnanci set os_cislo='" & C189 & "', rfid='" & F189 & "',cilova='" & O189 & "',nastup='" & G189 & "' where os_cislo='" & C189 & "';" -> update zamestnanci set os_cislo='188', rfid='0012971953',cilova='HILITE',nastup='' where os_cislo='188';
A190: 137 | B190: 4691 | C190: 189 | D190: Hyla | E190: Mariola Weronika | F190: 0012946852 | G190: =IF(N190<>"",VLOOKUP(N190,zastavky!E:F,2,FALSE),"") -> 54 | H190: +48 697 411 499 | I190: Gronowa, 9I, Rybnik, 44-251, PL | J190: 4 | K190: R | M190: 1 | N190: Gawelek HILITE 2 Stare Boguszowice ul Stanisława Małachowskiego | O190: HILITE | P190: ="update zamestnanci set os_cislo='" & C190 & "', rfid='" & F190 & "',cilova='" & O190 & "',nastup='" & G190 & "' where os_cislo='" & C190 & "';" -> update zamestnanci set os_cislo='189', rfid='0012946852',cilova='HILITE',nastup='54' where os_cislo='189';
A191: 138 | B191: 4712 | C191: 190 | D191: Chrobok | E191: Aldona Paulina | F191: 0013083707 | G191: =IF(N191<>"",VLOOKUP(N191,zastavky!E:F,2,FALSE),"") | H191: +48 797 351 014 | I191: Gen. Leopolda Okulickiego, 51Y, Rybnik, 44-274, PL | J191: 4 | K191: R | M191: 1 | O191: HILITE | P191: ="update zamestnanci set os_cislo='" & C191 & "', rfid='" & F191 & "',cilova='" & O191 & "',nastup='" & G191 & "' where os_cislo='" & C191 & "';" -> update zamestnanci set os_cislo='190', rfid='0013083707',cilova='HILITE',nastup='' where os_cislo='190';
A192: 139 | B192: 4417 | C192: 191 | D192: Kamený | E192: Ivo | F192: 0013076933 | G192: =IF(N192<>"",VLOOKUP(N192,zastavky!E:F,2,FALSE),"") | H192: 702 644 247 | I192: Václava Košaře, 123/3, Ostrava - Dubina, 700 30, CZ | J192: 4 | K192: R | M192: 1 | O192: HILITE | P192: ="update zamestnanci set os_cislo='" & C192 & "', rfid='" & F192 & "',cilova='" & O192 & "',nastup='" & G192 & "' where os_cislo='" & C192 & "';" -> update zamestnanci set os_cislo='191', rfid='0013076933',cilova='HILITE',nastup='' where os_cislo='191';
A193: 140 | B193: 4567 | C193: 192 | D193: Kastelik | E193: Malgorzata Barbara | F193: 0011609291 | G193: =IF(N193<>"",VLOOKUP(N193,zastavky!E:F,2,FALSE),"") -> 101 | H193: +48 888 830 956 | I193: Katowicka, 22/35, Jastrzebie Zdroj, 44-335, PL | J193: 4 | K193: R | M193: 1 | N193: Gawelek HILITE 2 Jastrzębie Zdroj - Urząd miasta | O193: HILITE | P193: ="update zamestnanci set os_cislo='" & C193 & "', rfid='" & F193 & "',cilova='" & O193 & "',nastup='" & G193 & "' where os_cislo='" & C193 & "';" -> update zamestnanci set os_cislo='192', rfid='0011609291',cilova='HILITE',nastup='101' where os_cislo='192';
A194: 141 | B194: 4651 | C194: 193 | D194: Kolanowski | E194: Dawid Piotr | F194: 0011675538 | G194: =IF(N194<>"",VLOOKUP(N194,zastavky!E:F,2,FALSE),"") -> 55 | H194: +48 510 141 501 | I194: Ruchu Oporu, 35 m.6, Jastrzebie-Zdrój, 44-335, PL | J194: 4 | K194: R | M194: 1 | N194: Gawelek HILITE 2 Jastrzębie Zdroj - Dubielec | O194: HILITE | P194: ="update zamestnanci set os_cislo='" & C194 & "', rfid='" & F194 & "',cilova='" & O194 & "',nastup='" & G194 & "' where os_cislo='" & C194 & "';" -> update zamestnanci set os_cislo='193', rfid='0011675538',cilova='HILITE',nastup='55' where os_cislo='193';
A195: 142 | B195: 4648 | C195: 194 | D195: Kolodziejczak | E195: Bartosz Szymon | F195: 0011704646 | G195: =IF(N195<>"",VLOOKUP(N195,zastavky!E:F,2,FALSE),"") | H195: +48 506 338 175 | I195: Dębowa, 9, Marklowice, 44-321, PL | J195: 4 | K195: R | M195: 1 | O195: HILITE | P195: ="update zamestnanci set os_cislo='" & C195 & "', rfid='" & F195 & "',cilova='" & O195 & "',nastup='" & G195 & "' where os_cislo='" & C195 & "';" -> update zamestnanci set os_cislo='194', rfid='0011704646',cilova='HILITE',nastup='' where os_cislo='194';
A196: 143 | B196: 5032 | C196: 195 | D196: Kosak | E196: Dawid Wieslaw | F196: 0013013030 | G196: =IF(N196<>"",VLOOKUP(N196,zastavky!E:F,2,FALSE),"") -> 100 | H196: +48 660 645 044 | I196: Zamkowa, 33, Tworkow, 47-451, PL | J196: 4 | K196: R | M196: 1 | N196: Vlastní auto Zaměstnanci, co jezdí vlastní dopravou Vlastní auto | O196: HILITE | P196: ="update zamestnanci set os_cislo='" & C196 & "', rfid='" & F196 & "',cilova='" & O196 & "',nastup='" & G196 & "' where os_cislo='" & C196 & "';" -> update zamestnanci set os_cislo='195', rfid='0013013030',cilova='HILITE',nastup='100' where os_cislo='195';
A197: 144 | B197: 4572 | C197: 196 | D197: Krzeminska | E197: Justyna Sylwia | F197: 0011642035 | G197: =IF(N197<>"",VLOOKUP(N197,zastavky!E:F,2,FALSE),"") | H197: +48 726 770 619 | I197: Stefana Batorego, 19/1, Wodzislaw Slaski, 44-300, PL | J197: 4 | K197: R | M197: 1 | O197: HILITE | P197: ="update zamestnanci set os_cislo='" & C197 & "', rfid='" & F197 & "',cilova='" & O197 & "',nastup='" & G197 & "' where os_cislo='" & C197 & "';" -> update zamestnanci set os_cislo='196', rfid='0011642035',cilova='HILITE',nastup='' where os_cislo='196';
A198: 145 | B198: 5060 | C198: 197 | D198: Leszczynska | E198: Ewa Stefania | F198: 0011766449 | G198: =IF(N198<>"",VLOOKUP(N198,zastavky!E:F,2,FALSE),"") | H198: +48 697 524 225 | I198: Gustawa Morcinka, 13A/2, Rybnik, 44-273, PL | J198: 4 | K198: R | M198: 1 | O198: HILITE | P198: ="update zamestnanci set os_cislo='" & C198 & "', rfid='" & F198 & "',cilova='" & O198 & "',nastup='" & G198 & "' where os_cislo='" & C198 & "';" -> update zamestnanci set os_cislo='197', rfid='0011766449',cilova='HILITE',nastup='' where os_cislo='197';
A199: 146 | B199: 4693 | C199: 198 | D199: Malina | E199: Kinga Laura | F199: 0011765266 | G199: =IF(N199<>"",VLOOKUP(N199,zastavky!E:F,2,FALSE),"") -> 54 | H199: +48 728 715 619 | I199: Gronowa, 9K, Rybnik, 44-251, PL | J199: 4 | K199: R | M199: 1 | N199: Gawelek HILITE 2 Stare Boguszowice ul Stanisława Małachowskiego | O199: HILITE | P199: ="update zamestnanci set os_cislo='" & C199 & "', rfid='" & F199 & "',cilova='" & O199 & "',nastup='" & G199 & "' where os_cislo='" & C199 & "';" -> update zamestnanci set os_cislo='198', rfid='0011765266',cilova='HILITE',nastup='54' where os_cislo='198';
A200: 147 | B200: 5067 | C200: 199 | D200: Merta | E200: Nikola Dorota | F200: 0013050746 | G200: =IF(N200<>"",VLOOKUP(N200,zastavky!E:F,2,FALSE),"") | H200: +48 782 786 694 | I200: Dabrowki, 15E/30, Rybnik, 44-210, PL | J200: 4 | K200: R | M200: 1 | O200: HILITE | P200: ="update zamestnanci set os_cislo='" & C200 & "', rfid='" & F200 & "',cilova='" & O200 & "',nastup='" & G200 & "' where os_cislo='" & C200 & "';" -> update zamestnanci set os_cislo='199', rfid='0013050746',cilova='HILITE',nastup='' where os_cislo='199';
A201: 148 | B201: 5115 | C201: 200 | D201: Michalik | E201: Maryla Irena | F201: 0013049688 | G201: =IF(N201<>"",VLOOKUP(N201,zastavky!E:F,2,FALSE),"") -> 103 | H201: +48 691 900 888 | I201: Wielkopolska, 49, Jastrzebie Zdroj, 44-335, PL | J201: 4 | K201: R | M201: 1 | N201: Gawelek HILITE 2 Jastrzębie Zdroj - Supersam | O201: HILITE | P201: ="update zamestnanci set os_cislo='" & C201 & "', rfid='" & F201 & "',cilova='" & O201 & "',nastup='" & G201 & "' where os_cislo='" & C201 & "';" -> update zamestnanci set os_cislo='200', rfid='0013049688',cilova='HILITE',nastup='103' where os_cislo='200';
A202: 149 | B202: 3582 | C202: 201 | D202: Moch | E202: Roman | F202: 0012001867 | G202: =IF(N202<>"",VLOOKUP(N202,zastavky!E:F,2,FALSE),"") -> 100 | H202: 604 577 499 | I202: Těšínská, 87/281, Ostrava - Radvanice, 716 00, CZ | J202: 4 | K202: R | M202: 1 | N202: Vlastní auto Zaměstnanci, co jezdí vlastní dopravou Vlastní auto | O202: HILITE | P202: ="update zamestnanci set os_cislo='" & C202 & "', rfid='" & F202 & "',cilova='" & O202 & "',nastup='" & G202 & "' where os_cislo='" & C202 & "';" -> update zamestnanci set os_cislo='201', rfid='0012001867',cilova='HILITE',nastup='100' where os_cislo='201';
A203: 150 | B203: 5022 | C203: 202 | D203: Ogon | E203: Agata | F203: 0013390528 | G203: =IF(N203<>"",VLOOKUP(N203,zastavky!E:F,2,FALSE),"") -> 57 | H203: +48 532 571 498 | I203: Osiedle Pawlikowskiego, 5E/3, Zory, 44-240, PL | J203: 4 | K203: R | M203: 1 | N203: Gawelek HILITE 2 Źory - McDonalds al. Zjednoczonej Europy 43 | O203: HILITE | P203: ="update zamestnanci set os_cislo='" & C203 & "', rfid='" & F203 & "',cilova='" & O203 & "',nastup='" & G203 & "' where os_cislo='" & C203 & "';" -> update zamestnanci set os_cislo='202', rfid='0013390528',cilova='HILITE',nastup='57' where os_cislo='202';
A204: 151 | B204: 5016 | C204: 203 | D204: Paszek | E204: Marta Agnieszka | F204: 0011962568 | G204: =IF(N204<>"",VLOOKUP(N204,zastavky!E:F,2,FALSE),"") | H204: +48 514 186 557 | I204: Jozefa Pukowca, 10/3, Rybnik, 44-206, PL | J204: 4 | K204: R | M204: 1 | O204: HILITE | P204: ="update zamestnanci set os_cislo='" & C204 & "', rfid='" & F204 & "',cilova='" & O204 & "',nastup='" & G204 & "' where os_cislo='" & C204 & "';" -> update zamestnanci set os_cislo='203', rfid='0011962568',cilova='HILITE',nastup='' where os_cislo='203';
A205: 152 | B205: 4909 | C205: 204 | D205: Pawliczek | E205: Malgorzata Anna | F205: 0013390743 | G205: =IF(N205<>"",VLOOKUP(N205,zastavky!E:F,2,FALSE),"") -> 54 | H205: +48 504 160 397 | I205: Piaskowa, 12, Jankowice, 44-264, PL | J205: 4 | K205: R | M205: 1 | N205: Gawelek HILITE 2 Stare Boguszowice ul Stanisława Małachowskiego | O205: HILITE | P205: ="update zamestnanci set os_cislo='" & C205 & "', rfid='" & F205 & "',cilova='" & O205 & "',nastup='" & G205 & "' where os_cislo='" & C205 & "';" -> update zamestnanci set os_cislo='204', rfid='0013390743',cilova='HILITE',nastup='54' where os_cislo='204';
A206: 153 | B206: 4972 | C206: 205 | D206: Piecha | E206: Edyta | F206: 0013384755 | G206: =IF(N206<>"",VLOOKUP(N206,zastavky!E:F,2,FALSE),"") -> 57 | H206: +48 661 732 025 | I206: Jastrzebia, 2/1, Zory, 44-240, PL | J206: 4 | K206: R | M206: 1 | N206: Gawelek HILITE 2 Źory - McDonalds al. Zjednoczonej Europy 43 | O206: HILITE | P206: ="update zamestnanci set os_cislo='" & C206 & "', rfid='" & F206 & "',cilova='" & O206 & "',nastup='" & G206 & "' where os_cislo='" & C206 & "';" -> update zamestnanci set os_cislo='205', rfid='0013384755',cilova='HILITE',nastup='57' where os_cislo='205';
A207: 154 | B207: 4989 | C207: 206 | D207: Piechaczek | E207: Wieslaw Jan | F207: 0013308933 | G207: =IF(N207<>"",VLOOKUP(N207,zastavky!E:F,2,FALSE),"") | H207: +48 668 428 354 | I207: Chrobrego, 15, Wodzislaw Slaski, 44-313, PL | J207: 4 | K207: R | M207: 1 | O207: HILITE | P207: ="update zamestnanci set os_cislo='" & C207 & "', rfid='" & F207 & "',cilova='" & O207 & "',nastup='" & G207 & "' where os_cislo='" & C207 & "';" -> update zamestnanci set os_cislo='206', rfid='0013308933',cilova='HILITE',nastup='' where os_cislo='206';
A208: 155 | B208: 5031 | C208: 207 | D208: Pietrasz | E208: Wiktoria Grazyna | F208: 0011995107 | G208: =IF(N208<>"",VLOOKUP(N208,zastavky!E:F,2,FALSE),"") -> 100 | H208: +48 501 148 289 | I208: Raciborska, 21, Tworkow, 47-451, PL | J208: 4 | K208: R | M208: 1 | N208: Vlastní auto Zaměstnanci, co jezdí vlastní dopravou Vlastní auto | O208: HILITE | P208: ="update zamestnanci set os_cislo='" & C208 & "', rfid='" & F208 & "',cilova='" & O208 & "',nastup='" & G208 & "' where os_cislo='" & C208 & "';" -> update zamestnanci set os_cislo='207', rfid='0011995107',cilova='HILITE',nastup='100' where os_cislo='207';
A209: 156 | B209: 5116 | C209: 208 | D209: Pírková | E209: Šárka | F209: 0013373156 | G209: =IF(N209<>"",VLOOKUP(N209,zastavky!E:F,2,FALSE),"") -> 100 | H209: +420 702 974 15 | I209: Šimáčkova, 1011/25, Ostrava - Mariánské Hory, 709 00, CZ | J209: 4 | K209: R | M209: 1 | N209: Vlastní auto Zaměstnanci, co jezdí vlastní dopravou Vlastní auto | O209: HILITE | P209: ="update zamestnanci set os_cislo='" & C209 & "', rfid='" & F209 & "',cilova='" & O209 & "',nastup='" & G209 & "' where os_cislo='" & C209 & "';" -> update zamestnanci set os_cislo='208', rfid='0013373156',cilova='HILITE',nastup='100' where os_cislo='208';
A210: 157 | B210: 5019 | C210: 209 | D210: Poterala | E210: Anna Ewa | F210: 0013335643 | G210: =IF(N210<>"",VLOOKUP(N210,zastavky!E:F,2,FALSE),"") | H210: +48 576 090 507 | I210: Osiedle 700-Lecia, 4B/2, Zory, 44-240, PL | J210: 4 | K210: R | M210: 1 | O210: HILITE | P210: ="update zamestnanci set os_cislo='" & C210 & "', rfid='" & F210 & "',cilova='" & O210 & "',nastup='" & G210 & "' where os_cislo='" & C210 & "';" -> update zamestnanci set os_cislo='209', rfid='0013335643',cilova='HILITE',nastup='' where os_cislo='209';
A211: 158 | B211: 4973 | C211: 210 | D211: Puchalska | E211: Monika Maria | F211: 0011842666 | G211: =IF(N211<>"",VLOOKUP(N211,zastavky!E:F,2,FALSE),"") -> 57 | H211: +48 798 789 269 | I211: Os. Pawlikowskiego, 20A/22, Zory, 44-240, PL | J211: 4 | K211: R | M211: 1 | N211: Gawelek HILITE 2 Źory - McDonalds al. Zjednoczonej Europy 43 | O211: HILITE | P211: ="update zamestnanci set os_cislo='" & C211 & "', rfid='" & F211 & "',cilova='" & O211 & "',nastup='" & G211 & "' where os_cislo='" & C211 & "';" -> update zamestnanci set os_cislo='210', rfid='0011842666',cilova='HILITE',nastup='57' where os_cislo='210';
A212: 159 | B212: 4900 | C212: 211 | D212: Rowinski | E212: Rafal Jacek | F212: 0013055194 | G212: =IF(N212<>"",VLOOKUP(N212,zastavky!E:F,2,FALSE),"") | H212: +48 791 363 746 | I212: Przemyslawa, 18E/6, Wodzislaw Slaski, 44-300, PL | J212: 4 | K212: R | M212: 1 | O212: HILITE | P212: ="update zamestnanci set os_cislo='" & C212 & "', rfid='" & F212 & "',cilova='" & O212 & "',nastup='" & G212 & "' where os_cislo='" & C212 & "';" -> update zamestnanci set os_cislo='211', rfid='0013055194',cilova='HILITE',nastup='' where os_cislo='211';
A213: 160 | B213: 4969 | C213: 212 | D213: Szulik | E213: Aleksandra Beata | F213: 0013069516 | G213: =IF(N213<>"",VLOOKUP(N213,zastavky!E:F,2,FALSE),"") | H213: +48 503 065 201 | I213: Orzepowicka, 33, Rybnik, 44-217, PL | J213: 4 | K213: R | M213: 1 | O213: HILITE | P213: ="update zamestnanci set os_cislo='" & C213 & "', rfid='" & F213 & "',cilova='" & O213 & "',nastup='" & G213 & "' where os_cislo='" & C213 & "';" -> update zamestnanci set os_cislo='212', rfid='0013069516',cilova='HILITE',nastup='' where os_cislo='212';
A214: 161 | B214: 4711 | C214: 213 | D214: Szymanska | E214: Alina Barbara | F214: 0013068368 | G214: =IF(N214<>"",VLOOKUP(N214,zastavky!E:F,2,FALSE),"") | H214: +48 793 385 840 | I214: Rericha, 38, Rybnik, 44-274, PL | J214: 4 | K214: R | M214: 1 | O214: HILITE | P214: ="update zamestnanci set os_cislo='" & C214 & "', rfid='" & F214 & "',cilova='" & O214 & "',nastup='" & G214 & "' where os_cislo='" & C214 & "';" -> update zamestnanci set os_cislo='213', rfid='0013068368',cilova='HILITE',nastup='' where os_cislo='213';
A215: 162 | B215: 4538 | C215: 214 | D215: Šlehoferová | E215: Veronika | F215: 0013122215 | G215: =IF(N215<>"",VLOOKUP(N215,zastavky!E:F,2,FALSE),"") -> 100 | H215: +420 721 012 37 | I215: Žižice, 31, Žižice, 273 21, CZ | J215: 4 | K215: R | M215: 1 | N215: Vlastní auto Zaměstnanci, co jezdí vlastní dopravou Vlastní auto | O215: HILITE | P215: ="update zamestnanci set os_cislo='" & C215 & "', rfid='" & F215 & "',cilova='" & O215 & "',nastup='" & G215 & "' where os_cislo='" & C215 & "';" -> update zamestnanci set os_cislo='214', rfid='0013122215',cilova='HILITE',nastup='100' where os_cislo='214';
A216: 163 | B216: 4999 | C216: 215 | D216: Tychowski | E216: Lukasz Tadeusz | F216: 0013027539 | G216: =IF(N216<>"",VLOOKUP(N216,zastavky!E:F,2,FALSE),"") -> 102 | H216: +31 623 247 402 | I216: Gustawa Morcinka, 37/37, Rybnik, 44-273, PL | J216: 4 | K216: R | M216: 1 | N216: Gawelek HILITE 2 Jastrzębie Zdroj - McDonalds | O216: HILITE | P216: ="update zamestnanci set os_cislo='" & C216 & "', rfid='" & F216 & "',cilova='" & O216 & "',nastup='" & G216 & "' where os_cislo='" & C216 & "';" -> update zamestnanci set os_cislo='215', rfid='0013027539',cilova='HILITE',nastup='102' where os_cislo='215';
A217: 164 | B217: 4884 | C217: 216 | D217: Wezka | E217: Iwona | F217: 0011613672 | G217: =IF(N217<>"",VLOOKUP(N217,zastavky!E:F,2,FALSE),"") -> 102 | H217: +48 726 855 893 | I217: Slaska, 17/60, Jastrzebie Zdroj, 44-335, PL | J217: 4 | K217: R | M217: 1 | N217: Gawelek HILITE 2 Jastrzębie Zdroj - McDonalds | O217: HILITE | P217: ="update zamestnanci set os_cislo='" & C217 & "', rfid='" & F217 & "',cilova='" & O217 & "',nastup='" & G217 & "' where os_cislo='" & C217 & "';" -> update zamestnanci set os_cislo='216', rfid='0011613672',cilova='HILITE',nastup='102' where os_cislo='216';
A218: 165 | B218: 5048 | C218: 217 | D218: Wojak | E218: Karolina | F218: 0012017941 | G218: =IF(N218<>"",VLOOKUP(N218,zastavky!E:F,2,FALSE),"") | H218: +48 788 892 082 | I218: Gornicza, 46/8, Wodzislaw Slaski, 44-307, PL | J218: 4 | K218: R | M218: 1 | O218: HILITE | P218: ="update zamestnanci set os_cislo='" & C218 & "', rfid='" & F218 & "',cilova='" & O218 & "',nastup='" & G218 & "' where os_cislo='" & C218 & "';" -> update zamestnanci set os_cislo='217', rfid='0012017941',cilova='HILITE',nastup='' where os_cislo='217';
A219: 166 | B219: 5205 | C219: 218 | D219: Bach | E219: Michalina Wiktoria | F219: 0013332948 | G219: =IF(N219<>"",VLOOKUP(N219,zastavky!E:F,2,FALSE),"") -> 156 | H219: +48 664 128 463 | I219: Zgodna 7, Pniowek, 43-251 | J219: 6 | K219: R | M219: 1 | N219: Oles DSC Jastrzębie-Zd. - Supersam | O219: DONGHEE | P219: ="update zamestnanci set os_cislo='" & C219 & "', rfid='" & F219 & "',cilova='" & O219 & "',nastup='" & G219 & "' where os_cislo='" & C219 & "';" -> update zamestnanci set os_cislo='218', rfid='0013332948',cilova='DONGHEE',nastup='156' where os_cislo='218';
...
